depth,GR,RHOB,NPHI,RT,DT,PE,caliper,mud_weight,drilling_fluid,core_recovery,lithology,depth_zone
794.4,26.08,2.2338,0.2698,0.821,86.8,1.879,8.69,1.126,Water-based,88.4,Sandstone,Shallow
3703.5,15.64,2.5916,0.0696,15.906,60.53,4.907,8.5,1.499,Water-based,86.6,Limestone,Deep
1348.7,115.45,2.4676,0.4137,1.144,89.57,3.418,9.58,1.209,Oil-based,56.1,Shale,Shallow
2787.0,12.93,2.6037,0.096,13.218,58.65,,8.5,1.396,Water-based,79.6,Limestone,Deep
645.6,22.12,2.1627,0.3049,0.759,96.66,1.81,8.5,1.14,Water-based,75.8,Sandstone,Shallow
3307.2,10.33,2.5519,0.0841,9.319,60.27,4.958,8.51,1.456,synthetic,73.6,Limestone,Deep
1617.0,20.21,2.6619,0.0741,8562.311253095864,54.31,4.959,8.93,1.25,water-based,88.0,Limestone,Intermediate
909.9,102.65,2.5704,0.3111,2.84,77.94,3.533,8.89,1.137,Water-based,59.0,Shale,Shallow
795.7,24.51,2.4583,0.1652,3.006,68.56,1.965,8.96,1.174,Water-based,86.0,Sandstone,Shallow
846.2,19.73,2.3429,0.2184,0.958,84.13,1.749,8.56,1.084,Oil-based,73.2,Sandstone,Shallow
990.9,29.59,2.3739,0.2115,2.472,75.01,1.978,8.65,1.144,Oil-based,87.2,Sandstone,Shallow
2580.5,24.46,2.491,0.1174,4.957,69.43,2.063,8.5,1.375,Water-based,81.5,Sandstone,Deep
3602.4,16.54,2.7833,0.0394,40.656,51.18,3.009,8.76,1.545,OIL-BASED,94.1,Dolomite,Deep
933.5,19.62,2.4659,0.153,3.04,68.94,4.986,8.7,1.188,Oil-based,,Limestone,Shallow
3244.3,21.25,2.5888,0.0739,11.848,61.06,5.05,8.5,1.469,Oil-based,,Limestone,Deep
2796.9,23.56,2.3833,0.1628,2.459,80.52,1.907,8.55,1.413,Oil-based,90.2,Sandstone,Deep
1079.4,24.0,2.3473,0.2343,1.145,83.48,1.899,8.75,1.19,Oil-based,90.5,Sandstone,Shallow
2142.6,28.68,2.4472,,4.466,71.52,1.844,8.51,1.273,Water-based,84.3,Sandstone,Intermediate
2229.5,104.24,2.5221,0.3473,1.913,86.35,3.412,,1.364,Water-based,66.1,Shale,Intermediate
773.4,18.02,2.216,0.2711,1.132,93.39,1.855,8.5,1.141,Synthetic,84.1,Sandstone,Shallow
1294.2,107.98,2.4625,0.3922,0.986,88.7,3.324,9.23,1.258,Water-based,54.4,Shale,Shallow
3358.0,20.49,2.423,0.1645,3.405,73.32,2.053,8.54,1.404,Water-based,74.7,Sandstone,Deep
3202.4,37.27,2.516,0.1577,4.232,73.59,2.13,8.68,1.416,Oil-based,80.3,Sandstone,Deep
1797.8,94.79,2.6356,0.2935,5.544,79.33,3.422,9.35,1.24,Oil-based,63.5,Shale,Intermediate
2602.9,37.97,2.4472,0.1768,3.552,72.52,2.0,8.97,1.364,Water-based,89.5,Sandstone,Deep
1828.1,114.07,4.683267942876335,0.4196,1.047,88.99,,10.28,1.244,Water-based,59.8,Shale,Intermediate
609.5,33.94,2.3115,0.2394,1.165,86.39,,8.68,1.091,Water-based,82.5,Sandstone,Shallow
3736.8,22.4,2.472,0.1083,5.809,69.05,1.913,8.5,1.491,Oil-based,87.3,Sandstone,Deep
3072.1,99.5,2.5062,0.3697,2.11,86.7,,9.68,1.396,Oil-based,51.4,Shale,Deep
2556.8,92.84,2.5898,0.2655,5.949,79.41,3.629,9.47,1.363,Oil-based,60.2,Shale,Deep
1496.5,33.27,2.2671,0.2588,1.178,,2.013,8.63,1.208,Water-based,87.8,Sandstone,Shallow
3427.1,35.72,2.4235,0.1876,3.438,73.87,2.166,8.54,1.465,Oil-based,84.3,Sandstone,Deep
1614.4,20.98,2.3075,,1.217,87.19,1.71,8.58,1.251,Water-based,87.8,Sandstone,Intermediate
2577.9,92.31,2.5211,0.3383,1.531,,3.411,9.42,1.361,Oil-based,64.4,Shale,Deep
2891.4,24.35,2.4218,0.1512,2.388,78.62,1.892,8.6,1.405,Oil-based,87.6,Sandstone,Deep
3143.7,32.55,2.4558,0.1806,3.458,76.51,2.022,9.2,1.411,Oil-based,88.1,Sandstone,Deep
581.0,78.77,2.4296,0.3537,0.974,87.44,3.276,9.37,1.131,Water-based,64.3,Shale,Shallow
2789.4,87.97,2.5271,,3.441,79.68,,10.2,1.379,Water-based,64.8,Shale,Deep
2171.3,91.77,2.4914,0.314,1.651,79.99,3.55,9.95,1.331,Oil-based,62.3,Shale,Intermediate
1261.7,40.72,2.3109,0.2665,1.219,,2.128,8.52,1.231,Synthetic,83.4,Sandstone,Shallow
729.4,16.5,2.4582,,3.638,72.84,1.721,8.72,1.108,Oil-based,92.2,Sandstone,Shallow
1389.9,84.54,2.4256,0.3774,1.229,90.46,,9.21,1.243,Water-based,72.4,Shale,Shallow
1940.5,18.26,2.7687,0.0362,83.35,48.36,2.971,8.5,1.249,Water-based,82.6,Dolomite,Intermediate
3386.3,18.39,2.4731,0.1072,5770.575927363751,67.74,1.744,8.73,1.446,Oil-based,66.5,Sandstone,Deep
3053.9,22.75,2.4296,0.1627,3.201,69.18,1.962,8.5,1.413,Oil-based,91.7,Sandstone,Deep
2943.4,42.17,2.407,0.1972,1.989,77.58,2.075,8.73,1.361,Oil-based,74.0,Sandstone,Deep
1305.7,18.1,2.3452,0.1985,1.485,83.0,1.904,8.71,1.238,Water-based,86.1,Sandstone,Shallow
2546.2,7.98,2.7659,0.063,25.372,53.18,3.193,8.56,1.315,Water-based,82.3,Dolomite,Deep
2444.1,15.4,2.5743,0.0844,10.486,59.03,,8.5,1.364,Oil-based,,Limestone,Intermediate
3715.8,17.96,2.6182,,16.825,57.79,4.79,8.58,1.547,Synthetic,87.1,Limestone,Deep
2265.8,28.59,2.4778,0.148,4.187,73.36,2.266,,1.31,Oil-based,90.2,Sandstone,Intermediate
1874.0,30.62,2.4146,0.2068,3.211,76.04,2.019,8.92,1.338,Water-based,66.6,Sandstone,Intermediate
2637.7,36.4,2.3761,0.247,0.944,81.62,2.245,8.99,1.331,Water-based,76.1,Sandstone,Deep
1566.5,19.52,2.611,0.1014,22.979,58.86,4.893,8.76,1.238,Water-based,80.4,Limestone,Intermediate
1447.7,21.01,2.6332,0.0418,45.325,52.09,5.225,8.51,1.249,Water-based,93.7,Limestone,Shallow
1298.9,18.97,2.7756,0.0586,44.506,49.83,,8.7,1.23,Synthetic,82.7,Dolomite,Shallow
989.2,85.98,2.5961,0.2837,3.199,77.73,3.637,10.13,1.179,Synthetic,69.6,Shale,Shallow
2036.2,42.18,2.3315,0.256,0.91,85.29,2.101,8.71,1.29,Water-based,69.7,Sandstone,Intermediate
1638.7,11.54,2.5251,0.144,5.36,64.29,4.934,8.66,1.258,Water-based,85.0,Limestone,Intermediate
2606.2,17.9,2.4713,0.1212,4.489,69.6,1.951,8.5,1.312,Oil-based,70.7,Sandstone,Deep
657.2,112.63,2.6154,0.3597,,80.92,3.481,8.92,1.131,Water-based,78.9,Shale,Shallow
2022.8,91.14,2.4568,0.3723,1.436,87.12,3.458,9.86,1.304,Water-based,51.2,Shale,Intermediate
3349.1,17.86,2.6037,0.0909,10.662,53.64,4.978,8.5,1.48,Oil-based,87.6,Limestone,Deep
2239.2,94.17,2.4672,0.3537,1.429,84.47,,9.71,1.328,Oil-based,61.4,Shale,Intermediate
1257.2,11.53,2.6475,0.1167,6.92,57.89,3.312,,1.193,synthetic,73.9,Dolomite,Shallow
1206.2,14.67,2.5067,0.1359,5.761,65.7,4.897,8.5,1.198,Water-based,71.8,Limestone,Shallow
3108.2,85.57,2.5392,0.3225,2.846,85.94,3.253,9.89,1.447,Synthetic,72.6,Shale,Deep
2533.7,123.62,2.5165,0.4203,1.702,83.65,3.485,11.22,1.39,Oil-based,55.4,Shale,Deep
1778.8,15.14,2.7414,,19.913,,3.114,8.5,1.27,Oil-based,96.8,Dolomite,Intermediate
2245.9,20.62,2.4365,,3.574,75.18,1.814,8.5,1.331,synthetic,87.8,Sandstone,Intermediate
2943.7,89.05,2.5081,0.3273,2.272,81.23,3.54,10.05,1.373,Synthetic,64.2,Shale,Deep
2775.4,32.77,2.4936,0.1443,5.912,68.64,1.954,8.5,1.334,Oil-based,71.9,Sandstone,Deep
3694.0,25.69,2.4796,0.1347,5.373,72.13,,8.62,1.511,Oil-based,76.4,Sandstone,Deep
1688.2,25.94,2.5056,0.0897,8.573,71.04,2.003,8.52,1.261,Water-based,81.3,Sandstone,Intermediate
989.1,21.64,2.2488,0.2606,7306.622855084403,88.4,1.831,8.63,1.147,Water-based,,Sandstone,Shallow
3747.3,10.15,2.7533,,25.206,,3.163,8.5,1.491,Oil-based,88.9,Dolomite,Deep
1894.9,118.77,2.5344,0.3644,1.81,78.81,,10.0,1.276,Synthetic,63.4,Shale,Intermediate
2443.2,30.72,2.4941,0.125,5.791,67.9,2.1,8.5,1.384,Oil-based,69.5,Sandstone,Intermediate
704.1,107.33,2.5261,0.3826,1.399,85.9,,11.13,1.147,Water-based,55.6,Shale,Shallow
3098.1,19.18,2.604,0.0819,19.457,,5.042,8.5,1.434,Oil-based,83.3,Limestone,Deep
2565.3,94.29,2.5561,0.3121,2.749,82.05,3.693,9.89,1.384,Oil-based,57.0,Shale,Deep
1105.5,13.65,2.6303,0.0846,29.545,57.99,5.094,8.72,1.194,Oil-based,86.3,Limestone,Shallow
2585.0,32.46,2.3451,0.1946,1.146,81.45,2.036,9.02,1.359,Oil-based,99.4,Sandstone,Deep
752.2,9.97,2.7368,0.0771,9.079,54.54,3.146,8.5,1.19,Oil-based,78.8,Dolomite,Shallow
3663.9,29.75,2.5227,0.1113,7.758,65.62,2.105,8.77,1.494,Water-based,83.4,Sandstone,Deep
3486.9,87.55,2.5312,0.2791,2.788,80.53,3.603,8.96,1.481,Oil-based,66.2,Shale,Deep
1967.5,110.11,2.4479,0.3905,0.918,91.89,3.402,9.64,1.303,Oil-based,46.9,Shale,Intermediate
2422.0,44.83,2.4539,,2.482,78.57,1.953,8.73,1.313,Water-based,84.1,Sandstone,Intermediate
1314.2,39.95,2.2791,0.2947,0.968,92.5,2.245,8.8,1.135,Synthetic,75.5,Sandstone,Shallow
2738.5,108.99,2.5977,0.346,4.198,81.27,3.518,10.36,1.405,Oil-based,54.1,Shale,Deep
1841.6,102.17,2.5676,0.3293,,79.37,3.453,9.4,1.298,Water-based,56.9,Shale,Intermediate
2612.0,93.54,2.5167,0.3317,2.544,85.71,3.589,9.93,1.386,Synthetic,71.7,Shale,Deep
3594.5,8.87,2.8118,0.01,89.59,47.16,3.087,8.73,1.458,Water-based,85.4,Dolomite,Deep
3627.1,28.04,2.4442,0.1794,2.237,75.57,1.802,8.5,1.489,Water-based,74.8,Sandstone,Deep
3494.2,22.67,2.5979,0.0907,11.654,59.22,4.965,8.52,1.479,Oil-based,100.0,Limestone,Deep
2048.1,15.11,2.525,0.1078,6.576,65.69,4.997,8.5,1.252,Water-based,74.7,Limestone,Intermediate
807.0,117.81,2.4489,0.4623,0.512,91.85,3.572,10.98,1.133,Synthetic,53.7,Shale,Shallow
1199.2,18.84,2.3427,0.2069,1.18,80.05,2.03,8.66,1.186,Oil-based,,Sandstone,Shallow
2957.0,27.64,2.4477,0.179,2.873,77.44,2.004,8.64,1.412,Oil-based,84.5,Sandstone,Deep
3408.9,14.11,2.4691,0.126,4.393,70.52,1.964,8.5,1.406,Synthetic,,Sandstone,Deep
2721.2,11.89,2.8235,0.01,75.285,45.51,,8.57,1.346,Water-based,,Dolomite,Deep
2086.5,6.66,2.6947,0.0792,10.418,54.79,3.232,8.5,1.285,Water-based,87.4,Dolomite,Intermediate
2512.1,14.01,2.5256,0.1192,6.264,63.12,5.056,8.67,1.337,Oil-based,84.9,Limestone,Deep
1807.8,43.93,2.3967,,2.147,76.31,2.205,8.79,1.258,Water-based,68.4,Sandstone,Intermediate
3984.1,12.63,2.421,0.1338,3.042,74.12,1.863,,1.518,Water-based,81.9,Sandstone,Deep
1342.9,91.88,2.4519,0.3693,0.945,86.8,3.427,10.15,1.22,Oil-based,64.7,Shale,Shallow
3111.0,92.02,2.5731,0.2924,3.985,81.83,3.545,9.54,1.415,Oil-based,52.8,Shale,Deep
1224.6,24.81,2.5105,0.1035,4.567,67.3,1.907,8.5,1.159,Water-based,83.0,Sandstone,Shallow
3388.9,106.72,2.6369,0.2959,8.165,78.44,3.285,,1.433,Oil-based,68.4,Shale,Deep
1187.5,19.63,2.2662,0.2462,1.18,87.06,,8.5,1.199,Water-based,84.4,Sandstone,Shallow
3894.4,86.66,2.5703,0.2656,5372.081028097464,82.65,3.543,10.4,1.484,Oil-based,63.3,Shale,Deep
3561.0,82.95,2.5582,0.2944,2.088,81.0,3.435,8.81,1.476,Oil-based,56.5,Shale,Deep
3484.7,20.73,2.6031,0.0732,17.468,59.88,4.836,8.78,1.497,Water-based,76.8,Limestone,Deep
2376.2,29.53,2.465,,4.267,71.29,1.898,8.57,1.355,Water-based,96.2,Sandstone,Intermediate
3723.4,488.2961737602915,2.6485,0.046,69.77,55.23,5.277,8.67,1.51,Water-based,80.5,Limestone,Deep
2302.7,110.32,2.4527,0.3961,1.098,84.87,3.62,9.55,1.283,water-based,61.6,Shale,Intermediate
3620.9,87.61,2.637,0.2325,,73.87,3.63,10.01,1.454,Oil-based,69.1,Shale,Deep
3946.0,15.21,2.5769,0.0963,13.277,58.33,,8.66,1.485,Oil-based,93.6,Limestone,Deep
870.6,88.36,2.5622,0.3135,3.3,82.91,,10.15,1.141,Oil-based,50.3,Shale,Shallow
3971.2,23.19,2.415,0.1472,3.186,72.95,1.765,8.68,1.535,Water-based,84.2,Sandstone,Deep
1774.7,123.69,2.4398,0.4854,0.574,92.1,3.465,11.42,1.268,Water-based,53.7,Shale,Intermediate
1610.0,11.04,2.586,0.0777,21.046,,5.037,8.57,1.258,Synthetic,80.0,Limestone,Intermediate
1289.6,29.34,2.4643,0.1353,6.741,,,29.114411856597812,1.189,Oil-based,88.9,Sandstone,Shallow
2213.3,33.09,2.3565,0.2025,1.706,83.11,2.228,8.92,1.331,Water-based,71.0,Sandstone,Intermediate
3505.1,36.19,2.5048,0.1249,5.565,70.27,2.23,,1.424,Water-based,70.4,Sandstone,Deep
816.5,102.55,2.4289,0.3869,1.424,86.28,,10.54,1.141,Water-based,60.9,Shale,Shallow
1518.2,11.52,2.4685,0.1733,2.757,70.77,4.968,28.644102414030623,1.322,Water-based,75.8,Limestone,Intermediate
3707.2,93.91,2.6102,0.2614,8.795,74.95,3.394,9.63,1.518,Oil-based,66.8,Shale,Deep
2159.6,28.49,2.3977,0.1874,2.489,78.07,1.781,,1.355,Oil-based,77.3,Sandstone,Intermediate
995.6,128.81,2.5841,0.3764,3.332,77.09,3.459,9.94,1.23,Water-based,48.0,Shale,Shallow
2774.5,100.73,2.5296,0.3443,3.071,81.88,3.334,9.02,1.345,Synthetic,50.8,Shale,Deep
3379.7,32.8,2.513,0.134,6.07,71.92,1.922,8.87,1.471,Oil-based,71.7,Sandstone,Deep
1914.1,15.56,2.7435,,14.748,55.72,3.131,8.77,1.328,Water-based,84.8,Dolomite,Intermediate
735.1,95.49,2.352,0.4315,0.969,92.81,3.475,9.18,1.108,Water-based,61.6,Shale,Shallow
3533.8,103.75,2.6339,0.3032,9.265,76.06,3.352,10.74,1.468,water-based,66.1,Shale,Deep
1605.8,113.59,2.5584,0.3719,1.962,78.72,3.402,11.17,1.267,Water-based,49.8,Shale,Intermediate
2849.3,106.52,2.5716,0.3169,4.241,79.34,,10.25,1.41,Water-based,70.5,Shale,Deep
3821.0,15.97,2.846,0.01,120.72,46.26,2.926,8.5,1.529,Water-based,,Dolomite,Deep
2435.5,15.24,2.5284,0.1221,7.342,64.01,5.146,8.5,1.301,Water-based,86.6,Limestone,Intermediate
1367.4,26.3,2.2534,0.28,,92.38,1.67,8.72,1.248,Oil-based,73.7,Sandstone,Shallow
1461.9,24.3,2.2927,0.2659,1.531,83.66,2.045,8.68,1.211,Oil-based,88.2,Sandstone,Shallow
672.4,19.66,2.1385,0.3147,0.512,,1.841,8.65,1.117,Oil-based,91.9,Sandstone,Shallow
3071.2,123.28,2.5265,0.4247,1.25,83.26,3.444,8.81,1.419,Oil-based,54.7,Shale,Deep
1665.8,84.38,2.4968,0.347,1.156,88.14,3.362,9.34,1.26,Synthetic,73.6,Shale,Intermediate
3243.4,109.95,2.5519,0.3951,2.611,83.36,,9.78,1.468,Water-based,63.7,Shale,Deep
1554.7,22.84,2.5092,0.1693,4.091,67.56,5.087,8.5,1.251,Water-based,82.1,Limestone,Intermediate
3981.5,21.93,2.7918,0.0497,30.362,57.05,3.239,8.57,1.551,Synthetic,82.3,Dolomite,Deep
1073.1,7.41,2.8117,0.021,74.263,47.39,2.995,8.5,1.147,Water-based,89.9,Dolomite,Shallow
2523.1,5.52,2.7985,0.0251,127.919,47.5,3.138,8.5,1.346,Water-based,,Dolomite,Deep
626.6,28.63,2.6267,0.0575,,53.79,5.022,8.5,1.095,Water-based,83.0,Limestone,Shallow
625.4,110.35,2.554,0.3397,1.965,81.36,,10.97,1.209,Synthetic,46.9,Shale,Shallow
3131.9,19.48,2.5467,0.1118,8.237,60.71,5.128,8.5,1.434,Water-based,81.9,Limestone,Deep
2076.4,17.39,2.5406,,4.942,67.2,,8.76,1.315,Synthetic,,Limestone,Intermediate
2544.3,21.26,2.6369,0.0898,28.507,57.08,5.158,8.5,1.416,Oil-based,91.9,Limestone,Deep
2166.9,11.06,2.6236,,30.562,50.63,,8.5,1.315,Water-based,81.1,Limestone,Intermediate
905.5,124.36,2.5381,0.3787,1.575,80.05,3.533,10.9,1.182,Oil-based,42.3,Shale,Shallow
815.2,73.98,2.4433,0.3112,1.747,89.3,3.527,9.31,1.174,Synthetic,62.4,Shale,Shallow
2105.0,101.27,2.5272,0.3659,2.299,,,10.87,1.334,Oil-based,60.2,Shale,Intermediate
1684.6,120.83,2.4567,0.4213,1.382,87.17,3.341,9.57,1.286,Water-based,,Shale,Intermediate
830.6,15.38,2.5381,0.08,9.771,62.87,4.895,,1.119,Water-based,85.1,Limestone,Shallow
1718.1,22.06,2.4559,0.1441,3.459,72.49,1.898,8.5,1.258,Water-based,,Sandstone,Intermediate
3040.0,23.71,2.4779,,6.897,65.86,1.92,8.73,1.421,Oil-based,80.0,Sandstone,Deep
3210.1,126.6,2.5914,0.378,2.15,75.97,3.442,10.19,1.466,Oil-based,57.9,Shale,Deep
1891.5,26.65,2.3106,0.2373,0.863,85.88,2.054,8.62,1.243,Oil-based,,Sandstone,Intermediate
2435.9,17.54,2.3505,0.2019,,81.41,1.863,8.95,1.354,Water-based,88.9,Sandstone,Intermediate
2301.2,88.81,2.5423,0.3264,1.939,80.82,3.472,9.87,1.335,Water-based,62.1,Shale,Intermediate
519.0,125.21,2.4024,0.4975,0.558,91.9,3.637,11.34,1.135,Water-based,56.4,Shale,Shallow
686.8,5.39,4.857050056694287,0.1414,3.681,60.59,2.997,8.55,1.097,Water-based,78.6,Dolomite,Shallow
3315.4,11.78,2.7944,0.0304,67.73,45.55,2.983,8.5,1.434,Oil-based,67.0,Dolomite,Deep
2299.8,93.0,2.5292,0.3172,1.938,83.15,3.644,10.66,1.345,Oil-based,54.9,Shale,Intermediate
1762.3,102.65,2.4407,0.3733,1.395,88.13,3.471,9.13,1.254,Water-based,61.8,Shale,Intermediate
1929.9,15.99,2.7628,0.0722,19.408,,2.918,8.68,1.295,Water-based,100.0,Dolomite,Intermediate
872.5,26.7,2.468,0.1449,3.227,72.93,1.815,8.73,1.166,Synthetic,67.3,Sandstone,Shallow
2222.5,10.05,2.8255,0.0498,83.177,47.82,3.13,,1.284,Synthetic,95.7,Dolomite,Intermediate
2743.1,91.61,2.5357,0.271,5.599,78.22,3.323,9.27,1.37,Water-based,81.2,Shale,Deep
3991.5,19.73,2.4303,0.1346,3.727,69.99,1.896,8.5,1.529,Synthetic,93.9,Sandstone,Deep
2753.5,102.67,2.5166,0.3563,,84.3,3.358,10.19,1.346,Oil-based,57.6,Shale,Deep
3497.9,81.67,2.6154,0.2422,5.541,79.84,3.279,9.68,1.433,Oil-based,77.0,Shale,Deep
587.0,29.11,2.4054,0.1815,2.392,74.58,2.011,8.55,1.102,Oil-based,86.8,Sandstone,Shallow
832.8,27.7,2.4146,0.206,1.862,79.56,,8.86,1.179,Water-based,79.9,Sandstone,Shallow
543.1,14.39,2.5094,0.1173,6.433,66.73,4.864,8.51,1.098,Water-based,71.1,Limestone,Shallow
1798.2,26.2,2.4559,0.1796,3.264,76.52,1.891,8.5,1.29,Water-based,83.7,Sandstone,Intermediate
1432.6,122.32,2.4479,0.4471,1.0,93.4,3.335,9.02,1.199,Water-based,60.6,Shale,Shallow
3154.8,11.57,2.8021,0.0463,52.946,,2.965,28.3276961135129,1.438,Oil-based,,Dolomite,Deep
1654.5,95.67,2.5791,0.2932,5.839,80.9,3.354,8.78,1.26,Synthetic,84.0,Shale,Intermediate
2802.5,24.37,2.6491,0.055,42.797,59.6,4.853,9.04,1.357,Water-based,76.9,Limestone,Deep
929.7,32.32,2.3509,0.2172,1.268,84.91,1.805,8.56,1.131,Water-based,80.4,Sandstone,Shallow
1600.6,70.79,2.4809,,1.507,85.92,3.319,9.76,1.214,Oil-based,63.6,Shale,Intermediate
1696.7,18.86,2.4178,0.1211,2.532,76.01,1.654,8.5,1.253,Oil-based,88.6,Sandstone,Intermediate
607.9,21.76,2.6046,0.0869,19.731,56.0,5.055,8.89,1.12,Water-based,80.0,Limestone,Shallow
690.8,18.4,2.6451,0.0585,35.437,53.88,5.077,8.62,1.072,Oil-based,85.3,Limestone,Shallow
2127.4,18.05,2.5017,0.1387,4.555,69.22,1.976,8.5,1.354,Synthetic,88.5,Sandstone,Intermediate
2829.9,111.49,2.589,0.3649,2.991,76.34,,9.26,1.422,Oil-based,48.4,Shale,Deep
3776.4,131.45,2.6422,0.3355,5.074,80.52,3.406,10.74,1.545,Water-based,47.9,Shale,Deep
1930.7,94.98,2.4849,0.3624,1.259,89.31,3.372,10.35,1.261,Synthetic,66.8,Shale,Intermediate
829.6,8.05,2.6315,,75.8,53.83,5.06,8.5,1.131,Water-based,81.1,Limestone,Shallow
2950.9,23.48,2.4845,0.161,,72.12,1.964,8.51,1.447,Water-based,74.8,Sandstone,Deep
1956.9,26.62,2.5083,0.1157,,67.74,2.156,8.76,1.304,Water-based,83.2,Sandstone,Intermediate
3844.7,26.3,2.5053,0.1593,4.678,70.82,1.974,8.67,1.524,Oil-based,78.8,Sandstone,Deep
2157.2,73.15,2.607,0.2506,11.78,76.2,3.459,10.08,1.296,Oil-based,72.8,Shale,Intermediate
3529.1,112.37,2.5427,0.3611,2.151,83.08,3.741,9.64,1.465,Oil-based,55.0,Shale,Deep
2720.9,32.67,2.5034,0.1458,5.857,71.69,2.14,8.74,1.401,Oil-based,,Sandstone,Deep
3224.3,34.55,2.4111,0.2119,,76.04,2.044,8.6,1.454,Oil-based,77.1,Sandstone,Deep
1593.3,124.79,2.5976,0.3445,5.429,77.8,3.426,11.04,1.21,Water-based,49.4,Shale,Intermediate
3254.2,19.84,2.5982,0.0924,12.932,55.3,4.987,8.5,1.41,Oil-based,98.3,Limestone,Deep
2597.8,15.65,2.7377,0.0808,24.526,51.91,3.147,8.84,1.373,Synthetic,82.4,Dolomite,Deep
1882.5,19.65,2.6178,0.0793,19.933,57.53,5.155,8.54,1.324,Water-based,87.6,Limestone,Intermediate
3473.0,16.38,2.4598,0.1212,4.477,70.96,1.95,8.51,1.429,Water-based,85.0,Sandstone,Deep
3759.3,94.02,2.6172,0.3032,11.211,77.02,3.381,9.01,1.467,Oil-based,61.2,Shale,Deep
3277.9,15.62,2.7619,0.0929,18.795,,3.461,8.77,1.444,Oil-based,74.4,Dolomite,Deep
2034.4,35.9,2.5165,0.1328,7.744,67.69,,8.5,1.332,Water-based,90.5,Sandstone,Intermediate
2477.3,110.55,2.6063,0.3181,5.076,,3.521,8.94,1.36,Water-based,50.1,Shale,Intermediate
1927.8,22.92,2.5515,0.0817,9.08,62.4,5.247,8.55,1.286,Water-based,76.8,Limestone,Intermediate
3307.1,75.0,2.5978,0.2372,6.66,79.42,3.502,9.21,1.412,Water-based,,Shale,Deep
2376.7,110.1,2.4869,0.4088,1.189,85.09,3.348,,1.333,Water-based,58.6,Shale,Intermediate
2092.9,18.92,2.759,,23.041,53.39,2.997,39.12117673881403,1.237,Water-based,100.0,Dolomite,Intermediate
2329.2,20.27,2.5436,,7.292,61.07,4.938,8.71,1.328,Water-based,,Limestone,Intermediate
1606.7,21.11,2.6488,0.0644,42.101,52.54,4.934,8.5,1.261,Synthetic,82.5,Limestone,Intermediate
525.8,28.66,2.2353,0.2972,0.885,89.26,2.072,8.5,1.108,Water-based,90.0,Sandstone,Shallow
2253.7,21.5,2.6284,0.08,40.533,55.43,5.077,8.7,1.307,Water-based,89.2,Limestone,Intermediate
1036.5,104.35,2.469,0.3791,0.82,88.32,3.541,9.57,1.172,Water-based,69.6,Shale,Shallow
1873.3,23.13,2.3273,0.2015,1.16,85.26,1.781,8.78,1.278,Oil-based,79.2,Sandstone,Intermediate
2165.0,26.96,2.4445,0.1609,3.585,71.72,1.932,8.67,1.315,Oil-based,77.4,Sandstone,Intermediate
882.5,114.52,2.4825,0.4322,0.854,88.75,3.502,11.04,1.182,Oil-based,59.9,Shale,Shallow
1206.9,25.99,2.4642,0.1321,2.7,72.91,1.677,8.67,1.212,Water-based,78.0,Sandstone,Shallow
2889.0,11.61,2.6185,0.0442,65.719,59.22,5.105,8.5,1.438,Synthetic,83.2,Limestone,Deep
2567.6,17.73,2.6553,0.024,,51.47,,8.79,1.408,Oil-based,69.5,Limestone,Deep
3644.3,8.26,2.5958,0.0734,9.526,61.14,4.955,8.5,1.511,Oil-based,,Limestone,Deep
1966.9,117.93,2.6055,0.3566,4.494,81.04,3.364,9.85,1.31,OIL-BASED,56.0,Shale,Intermediate
1628.7,72.72,2.6303,0.1798,16.195,78.09,3.632,10.03,1.245,Water-based,48.6,Shale,Intermediate
2119.8,117.02,2.5242,0.3994,1.198,82.73,3.452,9.88,1.292,Oil-based,53.8,Shale,Intermediate
3922.7,32.93,2.5293,0.1481,4.858,68.78,2.069,8.5,1.514,Oil-based,,Sandstone,Deep
1712.7,15.63,2.3384,0.1779,1.461,83.05,1.967,8.68,1.245,Synthetic,84.5,Sandstone,Intermediate
514.0,21.94,2.3167,0.2371,1.747,85.37,2.004,8.5,1.111,Oil-based,84.3,Sandstone,Shallow
1482.1,90.17,2.5498,0.3055,1.954,85.33,3.357,10.26,1.228,Oil-based,59.0,Shale,Shallow
2499.3,20.66,2.5117,0.0766,8.144,68.09,1.854,8.58,1.308,Water-based,89.9,Sandstone,Intermediate
2467.6,75.65,2.5392,0.2825,2.023,84.23,3.456,8.78,1.361,Oil-based,61.1,Shale,Intermediate
1522.2,16.31,2.5999,0.0797,15.388,56.07,,8.74,1.261,Synthetic,,Limestone,Intermediate
1040.0,98.97,2.4536,0.3638,1.365,,3.412,10.1,1.184,Oil-based,70.1,Shale,Shallow
2554.9,83.32,2.5936,0.2561,8.18,79.05,,8.77,1.337,Water-based,,Shale,Deep
3736.5,12.8,2.616,0.085,13.471,60.3,5.126,8.5,1.524,synthetic,93.6,Limestone,Deep
2718.2,18.62,2.4399,0.1244,3.251,70.66,1.802,8.5,1.387,Oil-based,79.9,Sandstone,Deep
1796.6,36.69,2.5114,0.1538,3.348,69.11,2.042,8.56,1.291,Oil-based,79.4,Sandstone,Intermediate
2172.6,106.87,2.5458,0.355,1.682,88.85,3.654,9.72,1.28,Oil-based,51.7,Shale,Intermediate
1649.3,32.12,2.336,0.2039,1.787,84.24,,8.5,1.193,Water-based,81.3,Sandstone,Intermediate
2188.1,32.38,2.5139,0.1361,8.7,67.81,1.85,8.5,1.309,Water-based,75.2,Sandstone,Intermediate
2565.7,40.76,2.4123,0.1825,2.618,80.64,2.072,8.59,1.386,Water-based,91.5,Sandstone,Deep
2090.6,42.88,2.5199,0.1443,5.473,72.11,2.255,8.73,1.316,Oil-based,78.3,Sandstone,Intermediate
3975.8,115.15,2.6358,0.358,8.561,76.76,3.302,11.14,1.559,Water-based,70.5,Shale,Deep
1889.3,5.78,2.686,0.084,10.372,57.27,3.19,8.82,1.269,Water-based,94.0,Dolomite,Intermediate
2783.5,29.63,2.4125,0.1612,3.158,74.98,1.913,8.77,1.312,Water-based,88.3,Sandstone,Deep
3067.2,15.44,2.647,0.0495,,53.88,4.811,8.59,1.477,Synthetic,84.2,Limestone,Deep
3078.5,14.84,2.5796,0.0925,12.666,61.09,5.08,8.51,1.403,Oil-based,,Limestone,Deep
1295.3,93.98,2.5376,0.3086,3.364,77.09,3.271,10.23,1.229,Synthetic,57.5,Shale,Shallow
3706.0,31.53,2.4576,0.1979,2.853,71.9,2.163,8.51,1.484,Oil-based,73.6,Sandstone,Deep
821.0,16.33,2.3862,0.1672,3.192,74.38,1.885,,1.151,Water-based,84.8,Sandstone,Shallow
1011.6,18.03,2.5565,0.0893,9.539,57.74,5.084,8.5,1.131,Water-based,99.7,Limestone,Shallow
1495.9,19.53,2.6502,0.0479,21.039,53.63,5.189,8.51,1.205,Oil-based,91.8,Limestone,Shallow
2816.7,93.61,2.5643,0.301,2.852,78.36,3.4,9.95,1.359,Water-based,68.3,Shale,Deep
3746.5,28.53,2.4898,0.1443,4.104,76.9,,8.5,1.487,Oil-based,79.5,Sandstone,Deep
1971.3,90.85,2.5325,0.2893,5.045,79.21,3.42,10.01,1.305,Water-based,62.6,Shale,Intermediate
2388.3,10.27,2.8341,0.0505,77.974,43.05,3.391,8.58,1.344,synthetic,87.1,Dolomite,Intermediate
978.9,10.79,2.7518,0.0563,11.299,54.92,3.281,8.5,1.194,OIL-BASED,92.4,Dolomite,Shallow
2316.0,38.59,2.3992,0.2074,1.595,82.38,2.208,8.5,1.287,Oil-based,86.7,Sandstone,Intermediate
2630.6,75.59,2.627,0.22,9.468,79.29,3.466,9.19,1.381,Oil-based,51.1,Shale,Deep
2494.8,12.24,2.7309,0.0711,10.373,57.06,3.118,8.5,1.355,Oil-based,89.8,Dolomite,Intermediate
3059.0,113.09,2.6342,0.3152,6.405,76.82,3.773,9.69,1.394,Oil-based,62.1,Shale,Deep
2990.5,11.84,2.6904,0.0269,110.917,51.49,5.093,8.5,1.436,Oil-based,73.1,Limestone,Deep
3412.9,32.6,2.4656,0.148,4.172,75.13,2.105,,1.468,Synthetic,81.7,Sandstone,Deep
1570.8,35.24,2.3034,0.2393,1.665,85.54,1.854,8.5,1.23,Water-based,94.3,Sandstone,Intermediate
3202.0,102.64,2.6211,0.2973,,75.6,3.275,10.36,1.435,Oil-based,55.9,Shale,Deep
3237.0,30.53,2.5056,0.1195,5.48,69.02,2.175,8.82,1.352,Water-based,,Sandstone,Deep
1611.7,15.85,2.3129,0.2214,1.129,85.28,1.952,8.59,1.288,Water-based,76.2,Sandstone,Intermediate
1099.5,86.88,2.4152,0.3695,1.166,93.28,3.419,9.64,1.158,Water-based,61.1,Shale,Shallow
3854.5,30.02,2.4192,,3.752,71.91,2.059,8.5,1.485,Oil-based,73.5,Sandstone,Deep
2309.6,34.53,2.3718,0.2451,1.27,84.67,2.031,,1.315,Synthetic,89.3,Sandstone,Intermediate
3639.5,10.21,2.8051,0.0534,95.69,47.84,,8.5,1.511,Oil-based,87.1,Dolomite,Deep
3625.9,20.04,2.5632,0.1054,11.457,64.41,4.944,,1.485,Oil-based,83.8,Limestone,Deep
856.6,85.89,2.6316,0.2493,6.867,77.64,3.369,9.46,1.161,Oil-based,54.4,Shale,Shallow
3746.1,31.78,2.4269,0.1544,,75.88,1.7,8.56,1.516,Oil-based,,Sandstone,Deep
1133.2,13.67,2.807,0.032,98.99,,3.193,8.59,1.191,Water-based,78.7,Dolomite,Shallow
3843.7,27.7,2.4358,0.1747,2.615,,1.746,8.65,1.485,Oil-based,78.9,Sandstone,Deep
3603.0,111.06,2.5552,0.3436,2.296,78.47,,10.2,1.494,Synthetic,64.0,Shale,Deep
789.6,26.79,2.4471,0.1682,2.399,70.65,1.767,8.5,1.153,Water-based,76.4,Sandstone,Shallow
970.3,22.39,2.6552,0.0554,,54.77,5.204,8.89,1.141,Water-based,84.9,Limestone,Shallow
2827.0,20.27,2.4906,0.1406,5.919,70.09,1.877,8.54,1.405,Synthetic,76.1,Sandstone,Deep
2357.7,14.82,2.6469,,76.574,50.2,5.116,8.55,1.366,Water-based,77.7,Limestone,Intermediate
983.7,108.96,2.6256,0.3266,6.81,79.92,3.469,10.0,1.181,Water-based,62.5,Shale,Shallow
1070.1,28.38,2.4804,0.1326,5.273,68.44,2.076,8.95,1.164,Water-based,92.1,Sandstone,Shallow
604.4,120.15,2.5699,0.388,1.86,81.47,3.447,9.67,1.107,Oil-based,59.8,Shale,Shallow
2457.2,10.62,2.7211,0.0686,14.567,52.51,3.133,8.5,1.324,Water-based,83.2,Dolomite,Intermediate
1188.6,14.57,2.2889,0.2455,1.14,86.4,1.775,8.5,1.226,Water-based,96.0,Sandstone,Shallow
1669.5,24.41,2.5867,0.1107,13.339,60.76,5.27,8.65,1.255,Oil-based,93.4,Limestone,Intermediate
3297.2,25.77,2.4928,0.0859,8.79,67.07,2.079,8.71,1.441,Oil-based,79.1,Sandstone,Deep
3003.9,16.07,2.6298,0.06,35.809,56.07,,8.62,1.363,Oil-based,77.6,Limestone,Deep
2586.1,87.71,2.6114,0.2653,8.21,75.36,3.396,9.49,1.395,Synthetic,62.6,Shale,Deep
991.2,507.4666270465707,2.4315,0.194,1.974,77.59,2.04,8.72,1.18,Water-based,82.1,Sandstone,Shallow
1105.3,11.43,2.7784,0.0539,46.985,48.11,3.224,8.69,1.175,Water-based,,Dolomite,Shallow
525.6,100.25,2.4771,0.3879,1.693,86.68,3.38,9.29,1.068,Water-based,50.4,Shale,Shallow
2772.3,20.16,4.925574275696069,0.1178,9.524,68.02,2.212,8.5,1.381,Oil-based,73.7,Sandstone,Deep
1959.1,30.56,2.4187,0.1769,2.708,79.35,2.032,8.73,1.269,Water-based,75.5,Sandstone,Intermediate
796.8,16.13,2.719,0.0861,13.382,58.75,3.133,8.5,1.155,Synthetic,82.7,Dolomite,Shallow
2901.3,33.25,2.5659,0.0975,10.506,65.9,,8.63,1.342,Synthetic,90.0,Sandstone,Deep
1786.3,102.21,2.5406,0.3286,3.133,77.55,3.623,9.6,1.245,Oil-based,,Shale,Intermediate
3946.3,18.46,2.4492,0.1062,5.034,69.3,1.69,8.55,1.513,Water-based,82.8,Sandstone,Deep
1003.6,38.91,2.1916,0.3391,0.797,95.29,1.979,8.79,1.132,Oil-based,,Sandstone,Shallow
1361.2,6.39,2.8175,0.0341,62.24,,3.136,8.5,1.25,Water-based,,Dolomite,Shallow
1318.8,94.85,2.6022,0.2938,5.31,80.42,3.592,9.57,1.21,Water-based,,Shale,Shallow
2781.8,117.27,2.5855,0.3523,3.514,78.27,3.442,11.06,1.38,Water-based,56.4,Shale,Deep
3606.5,121.62,2.5705,0.3857,,80.89,,10.16,1.459,Oil-based,56.3,Shale,Deep
970.9,105.01,2.4088,0.4065,0.59,89.39,3.698,8.84,1.209,Water-based,68.6,Shale,Shallow
3379.0,97.26,2.548,0.3117,3.405,78.44,3.488,10.37,1.472,Oil-based,,Shale,Deep
1777.2,73.87,2.4558,0.3111,1.194,87.08,,9.1,1.284,Water-based,48.7,Shale,Intermediate
1150.2,12.55,2.4714,0.1469,4.7,70.61,,8.62,1.163,Water-based,,Limestone,Shallow
652.2,20.15,2.4677,0.143,4.201,70.62,4.981,8.71,1.205,Water-based,78.1,Limestone,Shallow
2640.4,92.52,2.6526,0.2806,12.262,72.52,3.326,9.11,1.353,Oil-based,57.6,Shale,Deep
904.2,12.71,2.5108,0.1148,9.786,,4.88,8.51,1.175,Water-based,89.0,Limestone,Shallow
2148.8,8.54,2.6643,0.01,90.064,50.0,5.105,8.5,1.279,Oil-based,80.7,Limestone,Intermediate
693.9,20.2,2.6597,0.0481,82.449,52.3,4.968,,1.133,Water-based,89.2,Limestone,Shallow
2845.7,111.71,2.4798,,,82.39,3.429,9.54,1.411,Oil-based,75.3,Shale,Deep
1857.4,26.97,2.3936,0.1757,2.696,81.47,2.044,8.88,1.208,Oil-based,86.9,Sandstone,Intermediate
2478.3,27.62,2.4865,0.1009,9.824,66.22,1.851,8.5,1.327,Water-based,84.2,Sandstone,Intermediate
586.9,10.39,2.3024,0.218,0.938,83.77,1.783,8.5,1.082,Water-based,84.6,Sandstone,Shallow
3099.4,105.88,2.6037,0.3234,3.029,79.51,3.392,10.27,1.398,Water-based,44.6,Shale,Deep
2177.8,14.33,2.7396,0.0574,13.463,57.3,3.22,8.54,1.248,Water-based,84.9,Dolomite,Intermediate
2210.0,108.55,2.4605,0.429,0.997,88.52,3.509,9.86,1.347,Oil-based,52.2,Shale,Intermediate
678.4,23.26,2.2185,0.2913,0.5,92.82,1.971,8.6,1.134,water-based,,Sandstone,Shallow
2104.9,19.92,2.8064,0.0419,44.749,51.48,3.202,,1.3,Oil-based,87.3,Dolomite,Intermediate
3681.7,84.23,2.6227,0.2603,6.509,75.86,3.357,8.74,1.465,water-based,55.2,Shale,Deep
3286.1,14.42,2.5156,0.1234,7.504,68.38,1.896,8.52,1.535,Oil-based,86.8,Sandstone,Deep
1509.1,14.72,2.4421,0.1589,2.421,73.1,1.744,8.9,1.253,Oil-based,83.1,Sandstone,Intermediate
3208.8,499.5797330070732,2.7226,0.0945,15.052,58.12,,8.73,1.49,Oil-based,78.5,Dolomite,Deep
2900.1,17.72,2.7566,0.0672,17.283,50.24,2.996,8.5,1.401,Water-based,74.5,Dolomite,Deep
3232.6,18.69,2.5629,0.0766,,56.77,,8.5,1.482,Oil-based,,Limestone,Deep
1879.4,16.32,2.612,0.0597,,59.77,4.902,8.51,1.246,Oil-based,,Limestone,Intermediate
566.6,36.32,2.5012,0.1527,5.129,72.83,,8.75,1.184,Water-based,,Sandstone,Shallow
3756.3,16.33,2.632,0.0362,73.616,53.06,4.994,8.51,1.568,Oil-based,79.9,Limestone,Deep
1820.2,98.37,2.4984,0.3527,2.887,86.95,3.412,10.9,1.276,Water-based,,Shale,Intermediate
832.7,460.56443616320934,2.3483,0.4835,0.729,92.59,3.331,9.77,1.167,Synthetic,62.0,Shale,Shallow
711.8,71.65,2.4223,0.3669,1.335,87.16,3.437,9.62,1.147,Water-based,65.0,Shale,Shallow
1546.3,27.01,2.27,0.2529,1.139,84.07,2.099,8.55,1.253,synthetic,76.3,Sandstone,Intermediate
1588.4,11.22,2.6397,0.0487,66.565,50.49,5.048,8.58,1.24,Water-based,73.9,Limestone,Intermediate
1904.7,22.39,2.4207,0.184,3.004,74.43,1.785,8.55,1.325,Water-based,86.2,Sandstone,Intermediate
3962.0,44.96,2.5345,0.1326,5.436,69.51,1.959,8.5,1.504,Oil-based,79.3,Sandstone,Deep
548.8,14.55,2.6828,,11.696,48.8,3.103,8.5,1.147,Water-based,69.5,Dolomite,Shallow
1135.2,16.87,2.7692,0.0593,76.809,52.11,3.22,8.65,1.162,Water-based,78.9,Dolomite,Shallow
2015.4,107.67,2.5261,0.3747,2.23,83.85,3.662,10.03,1.354,Oil-based,60.0,Shale,Intermediate
3288.9,77.41,2.5378,0.2955,,83.95,3.413,8.98,1.352,Oil-based,87.3,Shale,Deep
1328.3,24.02,2.3355,0.2299,1.126,83.45,1.97,8.73,1.255,Synthetic,74.9,Sandstone,Shallow
2676.3,21.44,2.8204,0.0371,63.625,47.49,,8.54,1.382,Oil-based,74.9,Dolomite,Deep
2968.1,17.81,2.6007,0.0722,32.047,55.19,5.031,8.69,1.4,Water-based,72.1,Limestone,Deep
3017.6,100.67,2.6212,0.3239,5.295,73.6,3.658,10.83,1.416,synthetic,46.6,Shale,Deep
2569.0,14.04,2.82,0.0348,89.376,47.62,3.075,8.69,1.325,Synthetic,99.2,Dolomite,Deep
2566.1,30.44,2.4747,0.1461,5.397,73.82,,8.5,1.362,Oil-based,81.3,Sandstone,Deep
2983.5,7.25,2.584,0.1097,10.595,62.31,5.007,8.53,1.388,Oil-based,83.8,Limestone,Deep
1111.2,117.63,2.3987,0.4638,0.559,90.0,3.521,10.79,1.249,Water-based,57.6,Shale,Shallow
2850.6,7.78,2.5898,0.0855,11.91,59.28,5.004,8.81,1.392,Synthetic,73.3,Limestone,Deep
2229.0,107.83,2.6206,,6.693,79.24,3.429,9.05,1.238,Water-based,63.7,Shale,Intermediate
2135.8,101.75,2.5305,0.3496,2.155,83.37,3.397,10.4,1.324,Water-based,56.9,Shale,Intermediate
1069.6,97.64,2.423,0.3695,0.769,92.76,3.244,10.59,1.228,Water-based,67.0,Shale,Shallow
1452.8,126.68,2.5399,,0.88,84.03,3.342,10.53,1.232,Water-based,51.3,Shale,Shallow
3351.2,17.61,2.594,0.0742,16.955,51.87,5.265,8.5,1.459,Synthetic,97.3,Limestone,Deep
3560.1,18.18,2.6257,0.0625,21.58,54.02,4.845,8.63,1.454,Oil-based,71.8,Limestone,Deep
796.9,34.79,2.496,0.134,6.713,69.31,2.182,8.64,1.184,Oil-based,66.6,Sandstone,Shallow
917.3,6.68,2.7319,0.1118,9.603,60.31,,8.5,1.133,Synthetic,83.6,Dolomite,Shallow
2527.3,23.13,2.3751,0.2083,1.565,79.45,,8.57,1.368,Oil-based,73.1,Sandstone,Deep
2445.9,29.97,2.5017,0.1461,5.353,67.4,1.967,8.66,1.355,Oil-based,80.2,Sandstone,Intermediate
890.6,109.67,2.3689,0.469,0.576,96.28,,9.28,1.132,Water-based,61.2,Shale,Shallow
918.9,22.49,2.2593,0.2255,0.925,88.68,1.767,8.68,1.183,Oil-based,92.0,Sandstone,Shallow
2252.6,19.48,2.5226,0.0962,7.223,,5.112,8.63,1.304,Water-based,88.0,Limestone,Intermediate
861.9,24.72,2.6089,0.1032,22.423,,4.824,8.55,1.078,Oil-based,65.8,Limestone,Shallow
3577.2,21.31,2.5965,0.061,27.803,57.99,4.684,8.7,1.474,Water-based,80.6,Limestone,Deep
855.9,11.22,2.5344,0.1181,6.718,61.55,5.29,8.5,1.163,Oil-based,,Limestone,Shallow
1804.5,31.97,2.319,0.2287,1.127,83.84,2.118,,1.296,Oil-based,81.3,Sandstone,Intermediate
3953.2,10.46,2.6019,0.0891,17.173,57.96,4.845,8.5,1.519,Oil-based,86.4,Limestone,Deep
3683.4,108.15,2.639,0.3185,8.064,73.77,3.438,10.52,1.471,Oil-based,58.4,Shale,Deep
3723.7,19.87,2.6516,,29.775,53.12,5.028,8.5,1.487,Oil-based,80.2,Limestone,Deep
2621.1,115.56,2.5166,0.3776,1.638,85.64,3.438,9.86,1.371,Oil-based,62.9,Shale,Deep
2650.3,12.55,2.5779,0.0917,23.456,58.56,4.997,8.5,1.363,Oil-based,90.4,Limestone,Deep
867.4,12.33,2.8484,0.013,90.445,44.11,3.049,8.5,1.223,Water-based,84.0,Dolomite,Shallow
543.6,21.93,2.622,0.0805,32.516,56.88,4.833,8.56,1.101,Synthetic,86.5,Limestone,Shallow
3995.6,81.12,2.5657,,2.349,79.58,,8.74,1.535,Oil-based,63.7,Shale,Deep
656.3,128.46,2.5086,0.4185,1.303,84.83,3.418,10.26,1.163,Water-based,56.6,Shale,Shallow
653.3,17.23,2.4992,0.0555,8.808,65.72,2.061,8.71,1.136,Water-based,91.3,Sandstone,Shallow
1782.4,34.09,2.372,0.2251,0.972,81.37,1.903,8.65,1.276,Water-based,68.0,Sandstone,Intermediate
1079.2,116.89,2.583,0.3768,1.264,79.56,3.412,10.43,1.191,Water-based,59.6,Shale,Shallow
3512.5,29.53,2.3859,0.1744,2.336,75.95,1.823,8.7,1.541,Water-based,85.6,Sandstone,Deep
2602.6,18.26,2.4435,0.1423,2.569,70.14,1.605,8.62,1.361,Water-based,66.5,Sandstone,Deep
3293.3,18.66,2.6557,0.0604,44.769,52.91,5.172,8.5,1.482,Oil-based,,Limestone,Deep
3775.8,88.52,2.5761,0.3002,2.371,80.37,3.727,10.19,1.476,Water-based,74.1,Shale,Deep
1121.3,442.7866593920079,2.6364,0.3173,9.248,78.22,3.438,11.04,1.165,Water-based,54.2,Shale,Shallow
2785.2,107.8,2.6057,0.3049,5.587,77.73,3.425,10.25,1.38,Oil-based,,Shale,Deep
3536.2,23.31,2.6274,0.093,,58.04,4.95,8.67,1.494,Water-based,88.5,Limestone,Deep
2825.1,115.1,2.6132,0.3532,6.138,75.63,3.252,8.95,1.394,Oil-based,66.0,Shale,Deep
1118.7,100.78,2.5078,0.3576,1.458,81.9,3.43,9.89,1.186,Water-based,68.7,Shale,Shallow
3220.7,94.71,2.5161,0.2595,5.001,81.87,3.333,8.9,1.397,Oil-based,55.9,Shale,Deep
3256.0,31.17,2.4754,0.1422,3.875,73.71,2.048,8.86,1.502,Oil-based,80.0,Sandstone,Deep
3271.9,98.53,2.6255,0.2675,12.773,76.13,3.584,9.61,1.5,Synthetic,70.6,Shale,Deep
1990.6,73.64,2.5332,0.2899,4.406,81.24,3.644,9.11,1.274,Oil-based,65.2,Shale,Intermediate
1491.4,32.6,2.494,0.1645,6.814,69.81,2.081,8.78,1.208,Water-based,73.1,Sandstone,Shallow
2215.7,89.56,2.5193,0.3193,1.842,86.6,3.503,9.03,1.32,Oil-based,71.4,Shale,Intermediate
1802.9,19.58,2.4846,,4.987,66.5,2.013,8.5,1.225,Oil-based,88.3,Sandstone,Intermediate
3256.6,27.78,2.4014,0.2006,1.818,78.23,1.934,8.65,1.453,Water-based,89.6,Sandstone,Deep
561.8,15.27,2.6531,0.0988,6.156,59.17,3.0,8.5,1.122,Water-based,79.4,Dolomite,Shallow
515.8,78.24,2.4159,0.3446,1.06,89.94,3.503,9.63,1.115,Synthetic,52.7,Shale,Shallow
3088.0,15.59,2.5526,0.0984,8.869,62.59,4.834,8.5,1.401,Water-based,81.5,Limestone,Deep
1484.8,28.17,2.3815,0.211,2.184,,2.0,8.79,1.165,Oil-based,88.2,Sandstone,Shallow
2272.2,76.98,2.4773,0.312,2.457,86.59,,8.95,1.233,Synthetic,53.8,Shale,Intermediate
2359.9,109.63,2.5694,,4.123,76.71,3.253,9.75,1.366,Oil-based,52.8,Shale,Intermediate
3482.1,24.06,2.4484,0.1603,3.634,74.35,1.663,8.5,1.419,Water-based,,Sandstone,Deep
2032.7,37.59,2.35,0.2148,1.607,81.36,1.917,8.6,1.304,Synthetic,76.4,Sandstone,Intermediate
1322.8,22.13,2.488,0.1424,4.095,68.07,5.203,8.57,1.232,OIL-BASED,77.6,Limestone,Shallow
2568.2,119.1,2.5827,0.3705,2.884,80.75,,9.93,1.361,Water-based,55.8,Shale,Deep
2275.5,81.14,2.5811,0.2384,5.995,78.37,3.355,9.72,1.297,Water-based,63.2,Shale,Intermediate
2144.3,27.9,2.4121,0.1909,1.726,80.0,2.049,9.06,1.309,Water-based,,Sandstone,Intermediate
1765.4,30.39,2.5253,,4.433,,,8.98,1.207,Water-based,86.6,Sandstone,Intermediate
2581.0,24.77,2.4083,0.1823,6824.6657816965435,79.53,1.846,8.5,1.313,Oil-based,86.8,Sandstone,Deep
537.5,36.53,2.2396,,1.289,90.97,1.811,8.79,1.101,Water-based,82.2,Sandstone,Shallow
1456.2,10.11,2.4952,0.1241,5.403,65.56,5.144,8.53,1.206,Oil-based,85.2,Limestone,Shallow
579.8,113.35,2.5238,0.3545,2.23,81.02,,9.8,1.083,Water-based,68.1,Shale,Shallow
1881.2,11.3,2.6487,,89.166,51.36,5.243,8.64,1.298,Water-based,93.7,Limestone,Intermediate
1320.9,24.11,2.3477,0.2103,1.659,77.32,2.137,8.5,1.192,Water-based,96.7,Sandstone,Shallow
2852.8,81.7,2.6116,0.2481,4.799,80.15,,8.99,1.412,Oil-based,79.2,Shale,Deep
3479.0,11.75,2.6405,0.0432,71.54,50.66,5.021,8.5,1.507,Synthetic,100.0,Limestone,Deep
3936.3,27.86,2.4957,,5.838,,,8.67,1.525,Oil-based,75.1,Sandstone,Deep
2578.4,17.08,2.351,0.1909,1.395,82.88,1.846,8.55,1.404,Oil-based,77.9,Sandstone,Deep
1817.3,18.59,2.5445,0.1479,8.802,63.36,4.897,8.5,1.307,Oil-based,77.6,Limestone,Intermediate
3403.0,19.23,2.5829,0.0833,27.053,56.5,5.123,,1.482,Oil-based,89.4,Limestone,Deep
2558.9,78.48,2.5189,0.2815,2.383,83.78,3.406,9.52,1.385,Oil-based,51.5,Shale,Deep
1215.4,19.65,2.5671,0.0805,12.484,63.92,,8.51,1.187,Synthetic,88.4,Limestone,Shallow
1386.8,97.74,2.4578,0.4015,,87.98,3.676,10.32,1.175,Oil-based,56.2,Shale,Shallow
866.2,22.24,2.4183,0.1776,2.754,72.35,1.768,8.5,1.196,Oil-based,,Sandstone,Shallow
2594.7,9.44,2.7708,,37.849,52.47,3.118,8.5,1.345,Oil-based,73.9,Dolomite,Deep
2226.5,116.81,2.6045,0.3413,6.872,71.9,3.478,9.21,1.293,Oil-based,51.2,Shale,Intermediate
3170.2,89.13,2.577,0.2907,2.235,82.77,3.429,9.28,1.451,Oil-based,72.9,Shale,Deep
1586.2,24.0,2.3827,0.1845,2.286,74.22,1.99,8.5,1.243,Water-based,91.3,Sandstone,Intermediate
1148.1,16.55,2.7374,,12.767,52.41,3.167,8.55,1.183,Oil-based,100.0,Dolomite,Shallow
3583.6,20.05,2.6474,0.0787,19.924,,5.013,8.5,1.442,Water-based,80.9,Limestone,Deep
2179.5,10.58,2.6992,0.0781,9.016,58.17,3.09,8.51,1.314,Water-based,80.9,Dolomite,Intermediate
3316.7,94.16,2.6087,0.2549,10.299,79.29,3.49,8.66,1.438,Oil-based,63.1,Shale,Deep
1027.4,22.2,2.3961,0.2162,2.142,77.09,1.843,8.53,1.159,Synthetic,70.6,Sandstone,Shallow
806.8,98.13,2.437,0.3952,0.816,92.66,3.294,10.5,1.146,Oil-based,58.0,Shale,Shallow
3927.3,105.67,2.5292,0.3191,2.061,83.85,3.618,10.87,1.56,Synthetic,69.5,Shale,Deep
2657.1,26.13,2.4145,0.16,1.904,77.62,2.075,8.83,1.386,Oil-based,85.6,Sandstone,Deep
1556.7,106.8,2.4406,0.4102,1.322,90.69,3.323,9.24,1.246,Oil-based,70.4,Shale,Intermediate
780.2,82.5,2.4162,0.3739,1.063,92.24,3.521,9.27,1.115,Synthetic,77.8,Shale,Shallow
2718.9,12.02,2.6028,0.0612,19.544,57.59,4.884,8.7,1.363,Oil-based,84.0,Limestone,Deep
1163.1,103.58,2.5489,0.3537,2.301,82.82,3.705,10.29,1.207,Oil-based,52.2,Shale,Shallow
1539.1,20.47,2.65,0.0864,22.667,57.57,4.837,,1.25,Water-based,90.5,Limestone,Intermediate
3106.7,15.55,2.4081,0.1734,1.857,78.28,1.783,8.64,1.431,Oil-based,76.3,Sandstone,Deep
2676.6,113.97,2.4704,0.3906,1.216,89.63,3.209,9.66,1.377,Water-based,41.1,Shale,Deep
1372.9,108.95,2.4582,0.401,1.187,88.02,3.567,9.45,1.274,Water-based,54.6,Shale,Shallow
849.5,18.57,2.4571,0.1058,5.703,67.76,1.71,8.5,1.11,Water-based,93.1,Sandstone,Shallow
3558.6,24.43,2.5075,0.1155,5.528,68.82,1.94,8.5,1.501,Oil-based,78.6,Sandstone,Deep
926.7,15.84,2.6472,0.0371,,55.46,4.969,8.5,1.19,Water-based,66.9,Limestone,Shallow
954.7,22.59,2.2512,0.2361,1.043,85.96,1.993,8.52,1.156,Oil-based,84.8,Sandstone,Shallow
3328.9,17.8,2.8644,0.0398,93.551,47.55,3.116,8.53,1.42,Water-based,83.0,Dolomite,Deep
1600.5,83.83,2.5143,0.3341,1.705,89.16,3.363,9.52,1.236,Oil-based,61.1,Shale,Intermediate
1387.8,34.51,2.2538,0.2791,0.813,89.46,,,1.184,Water-based,75.3,Sandstone,Shallow
504.3,102.65,2.4573,0.3911,0.909,87.01,3.324,9.58,1.136,Oil-based,,Shale,Shallow
3966.1,11.26,2.5908,0.0755,20.872,60.13,4.943,8.63,1.494,Synthetic,,Limestone,Deep
2844.3,11.28,2.8332,,80.223,47.8,3.105,8.67,1.384,Water-based,91.7,Dolomite,Deep
3811.1,94.39,2.6104,0.3235,3.12,83.59,3.352,8.94,1.547,Synthetic,70.3,Shale,Deep
2036.1,101.7,2.5384,0.3377,2.226,81.93,3.648,9.24,1.294,Oil-based,,Shale,Intermediate
2583.2,11.37,2.839,0.0301,52.035,47.68,3.208,8.53,1.383,water-based,85.0,Dolomite,Deep
958.7,8.34,2.7524,0.0772,19.36,53.21,3.091,8.5,1.141,Oil-based,75.4,Dolomite,Shallow
1557.3,34.83,2.458,0.134,4.072,68.97,2.041,,1.246,Synthetic,89.8,Sandstone,Intermediate
3220.9,32.08,2.4602,0.1806,2.485,74.88,1.928,8.91,1.38,water-based,,Sandstone,Deep
926.4,88.74,2.3951,0.3897,0.697,96.53,3.463,9.38,1.21,Water-based,60.9,Shale,Shallow
1343.4,125.31,2.5295,0.4099,1.351,86.33,3.391,10.77,1.233,Water-based,60.4,Shale,Shallow
3639.6,19.76,2.5934,0.1159,15.952,58.49,4.972,8.5,1.497,Oil-based,,Limestone,Deep
3085.0,12.01,2.7614,0.0285,29.723,53.96,3.084,8.8,1.425,Water-based,93.8,Dolomite,Deep
694.5,88.81,2.5629,0.3338,1.92,81.97,3.598,8.92,1.164,Oil-based,68.4,Shale,Shallow
3506.4,26.02,2.4145,0.1556,4.38,77.37,1.893,8.58,1.534,Oil-based,,Sandstone,Deep
1553.3,84.2,2.521,0.2831,3.074,87.92,3.361,8.88,1.248,Oil-based,61.9,Shale,Intermediate
1712.7,113.71,2.5342,0.4102,1.627,82.27,3.252,10.66,1.269,Oil-based,73.6,Shale,Intermediate
2953.1,20.99,2.492,0.1038,10.03,69.13,1.859,8.5,1.365,Water-based,86.0,Sandstone,Deep
1003.6,38.3,2.3631,0.2296,1.653,81.88,,8.79,1.144,Oil-based,88.1,Sandstone,Shallow
3251.2,76.51,2.5806,0.2913,3.599,83.24,3.371,9.78,1.369,Synthetic,75.7,Shale,Deep
2820.0,91.34,2.5175,0.3496,1.335,85.11,,10.7,1.363,Synthetic,58.6,Shale,Deep
3658.9,25.58,2.4348,0.1593,3.72,73.23,2.181,8.9,1.493,Synthetic,96.6,Sandstone,Deep
3501.5,16.13,2.6405,,58.551,55.92,4.783,8.53,1.506,Synthetic,77.3,Limestone,Deep
1932.0,120.81,2.5045,0.3831,1.617,84.79,,10.09,1.288,Water-based,,Shale,Intermediate
1531.6,22.81,2.5269,0.1278,5.934,62.05,5.099,8.71,1.174,Oil-based,94.2,Limestone,Intermediate
2949.2,17.83,2.3305,0.2036,1.429,80.27,1.884,8.5,1.429,Oil-based,69.8,Sandstone,Deep
1657.6,92.14,2.6236,0.2643,11.831,77.24,3.452,9.85,1.255,Oil-based,51.4,Shale,Intermediate
2143.4,21.28,2.6155,0.0559,35.395,54.64,4.976,8.55,1.284,Synthetic,84.1,Limestone,Intermediate
1667.7,26.33,2.5468,0.1,4.874,61.7,5.08,8.82,1.24,Oil-based,84.8,Limestone,Intermediate
1879.4,21.71,2.2976,0.2332,1.226,89.48,2.015,8.76,1.28,Water-based,81.5,Sandstone,Intermediate
670.0,20.1,2.4768,0.1447,3.978,64.23,5.127,8.91,1.1,Water-based,80.4,Limestone,Shallow
1856.2,13.76,2.795,0.0296,94.784,47.61,3.076,8.5,1.286,Water-based,92.7,Dolomite,Intermediate
1941.3,84.3,2.5299,0.3174,2.395,83.24,3.653,9.82,1.283,Water-based,57.7,Shale,Intermediate
2364.5,116.19,2.4966,,1.308,87.6,3.433,9.78,1.335,Water-based,54.4,Shale,Intermediate
2772.0,82.95,2.5047,0.2918,4.428,87.51,,9.66,1.355,Water-based,58.1,Shale,Deep
1502.6,113.79,2.5333,0.3568,2.245,86.02,3.482,9.33,1.231,Oil-based,59.8,Shale,Intermediate
1198.4,82.42,2.456,0.3533,1.319,87.7,3.619,,1.18,Oil-based,62.6,Shale,Shallow
3996.9,85.35,2.6085,0.2429,,78.22,3.616,8.86,1.574,Water-based,,Shale,Deep
3404.3,16.26,2.4568,0.1207,3.906,74.66,,8.83,1.433,Oil-based,78.3,Sandstone,Deep
900.9,29.04,2.2586,0.3155,8757.653252088821,,2.048,8.78,1.211,Oil-based,83.4,Sandstone,Shallow
3897.4,110.13,2.575,0.3358,2.717,81.19,3.425,9.23,1.51,Oil-based,74.9,Shale,Deep
703.4,114.27,2.481,0.4096,0.903,86.17,3.532,8.87,1.167,Water-based,,Shale,Shallow
3208.0,34.91,2.506,0.1504,7.351,70.3,,8.94,1.391,Synthetic,76.6,Sandstone,Deep
1508.8,42.15,2.245,0.3157,0.895,89.47,,8.57,1.246,Synthetic,74.8,Sandstone,Intermediate
2727.4,22.98,4.3719766254498165,0.18,2.627,78.98,1.799,8.67,1.38,Oil-based,81.7,Sandstone,Deep
882.0,24.79,2.4336,0.181,2.145,73.97,1.865,8.62,1.142,Water-based,77.6,Sandstone,Shallow
2217.5,104.11,2.6011,0.3188,,78.97,3.165,10.58,1.312,Synthetic,62.0,Shale,Intermediate
2439.1,7.65,4.331466592098598,0.0364,66.648,47.71,3.123,8.69,1.361,Synthetic,88.0,Dolomite,Intermediate
2882.5,25.53,2.3885,0.1489,1.971,77.56,2.086,8.67,1.417,Oil-based,100.0,Sandstone,Deep
3617.8,32.85,2.4377,0.1696,2.991,72.9,1.784,8.5,1.453,Oil-based,83.9,Sandstone,Deep
3581.3,5.16,2.769,0.0665,24.51,,3.077,8.85,1.459,Water-based,67.4,Dolomite,Deep
1080.7,392.1340280313841,2.4777,0.3781,1.309,90.52,3.349,9.67,1.178,water-based,72.5,Shale,Shallow
1124.5,35.77,2.442,0.1846,2.806,70.78,2.073,8.6,1.16,Water-based,58.9,Sandstone,Shallow
1646.2,27.69,2.3398,0.2389,2.087,81.63,1.877,8.51,1.294,Water-based,92.8,Sandstone,Intermediate
1820.0,28.69,2.5334,0.1604,5.745,66.12,2.156,8.53,1.271,Oil-based,77.0,Sandstone,Intermediate
3859.2,25.01,2.4314,0.1547,3.514,72.84,1.911,8.51,1.499,Oil-based,85.3,Sandstone,Deep
1017.2,33.11,2.5127,0.1315,6.526,70.56,1.943,8.67,1.185,Oil-based,100.0,Sandstone,Shallow
948.4,104.77,2.6006,0.3045,4.406,,3.339,8.79,1.165,Oil-based,58.6,Shale,Shallow
3240.4,117.27,2.6314,0.3306,8.549,75.85,,11.09,1.472,water-based,56.9,Shale,Deep
676.8,105.51,2.4232,0.4197,,88.21,3.165,10.19,1.178,Oil-based,46.4,Shale,Shallow
1877.7,131.65,2.5256,0.4336,1.406,84.44,3.684,10.8,1.248,Synthetic,62.9,Shale,Intermediate
3710.7,8.83,2.8314,0.0359,95.192,45.76,3.242,,1.489,Oil-based,,Dolomite,Deep
1000.6,113.41,2.5467,0.39,2.304,85.75,3.749,9.25,1.117,Water-based,69.0,Shale,Shallow
2321.0,25.85,2.5253,0.1138,8.978,64.3,,8.57,1.391,Water-based,100.0,Sandstone,Intermediate
2051.9,116.02,2.4466,0.4377,0.914,86.32,3.729,9.49,1.317,Oil-based,74.7,Shale,Intermediate
3776.5,23.92,2.4262,0.1447,2.661,70.53,,8.5,1.485,Synthetic,95.4,Sandstone,Deep
1714.0,39.96,2.3181,0.2902,1.095,87.55,,8.6,1.291,Synthetic,80.0,Sandstone,Intermediate
574.0,88.67,2.457,0.3415,1.333,86.85,3.525,9.81,1.139,Synthetic,66.4,Shale,Shallow
3636.6,94.18,2.629,0.2948,6.741,75.6,3.547,8.9,1.502,Oil-based,58.3,Shale,Deep
3246.7,10.6,2.5829,0.0835,14.372,61.84,5.255,8.54,1.443,Oil-based,85.2,Limestone,Deep
3303.4,34.5,2.4469,0.2205,4.233,77.61,2.259,8.95,1.406,Water-based,81.4,Sandstone,Deep
2090.1,78.49,2.5655,0.2605,4.031,77.62,3.403,9.08,1.345,Synthetic,71.5,Shale,Intermediate
3674.9,23.11,2.4731,0.0913,,71.71,1.699,8.5,1.513,Oil-based,73.0,Sandstone,Deep
643.8,2.52,2.6827,0.0143,101.712,51.11,5.203,8.55,1.135,Synthetic,93.7,Limestone,Shallow
1105.9,37.61,2.2994,0.2945,1.0,88.75,2.134,8.51,1.136,Water-based,72.4,Sandstone,Shallow
1434.4,26.13,2.3496,0.1789,1.75,80.54,1.835,,1.183,Water-based,72.5,Sandstone,Shallow
3392.0,41.12,2.5036,0.1417,6.147,70.56,2.077,8.98,1.426,Oil-based,87.7,Sandstone,Deep
2861.1,14.43,2.554,0.0977,12.761,56.65,,8.53,1.409,Water-based,79.2,Limestone,Deep
3164.0,17.01,2.5753,0.0901,,61.59,,8.52,1.463,Oil-based,,Limestone,Deep
3476.9,31.16,2.3986,0.2039,2.712,74.67,1.79,8.5,1.484,Oil-based,79.0,Sandstone,Deep
1033.1,25.28,2.3666,,1.609,80.16,2.122,8.5,1.169,Oil-based,88.2,Sandstone,Shallow
1594.0,9.28,2.7705,0.0768,23.483,53.65,3.133,8.66,1.265,Water-based,95.9,Dolomite,Intermediate
2610.9,7.84,2.3376,0.1955,1.632,82.0,1.782,8.76,1.414,Oil-based,73.9,Sandstone,Deep
563.6,18.42,2.5039,0.1116,4.865,69.44,1.784,8.5,1.124,Water-based,78.8,Sandstone,Shallow
958.9,106.76,2.5261,0.3297,2.267,82.39,3.364,10.08,1.128,Oil-based,66.7,Shale,Shallow
1740.8,15.29,2.5136,0.1311,6.22,64.36,5.058,8.61,1.25,Water-based,82.5,Limestone,Intermediate
1484.3,29.92,2.3401,0.2393,1.334,81.45,1.98,8.73,1.206,Water-based,83.1,Sandstone,Shallow
2822.7,19.52,2.5361,0.139,9.851,65.18,4.96,8.53,1.438,Water-based,87.0,Limestone,Deep
3856.1,31.5,2.4312,0.1848,2.627,75.03,2.052,8.5,1.508,Synthetic,85.1,Sandstone,Deep
1175.6,37.64,2.4261,0.2055,2.397,78.01,2.284,9.1,1.243,OIL-BASED,76.3,Sandstone,Shallow
919.1,16.46,2.4914,0.1092,6.221,69.73,1.676,8.57,1.195,Water-based,84.1,Sandstone,Shallow
2671.3,85.85,2.5606,0.2655,,83.14,3.288,9.61,1.32,Oil-based,50.5,Shale,Deep
1127.4,33.99,2.2961,0.276,0.951,87.57,1.99,8.5,1.172,Water-based,87.7,Sandstone,Shallow
1628.7,85.66,2.5972,0.243,6.855,75.54,3.586,9.22,1.22,Synthetic,55.2,Shale,Intermediate
3177.5,84.7,2.5309,0.2804,2.297,82.36,3.604,10.07,1.407,Oil-based,69.3,Shale,Deep
3012.2,16.6,2.3747,0.1905,1.787,78.66,1.974,8.74,1.389,Oil-based,75.0,Sandstone,Deep
3314.4,75.26,2.6303,0.2357,10.862,81.01,3.266,9.95,1.42,Oil-based,62.0,Shale,Deep
2925.8,24.73,2.4637,0.1514,3.312,73.37,1.627,8.5,1.435,Water-based,92.2,Sandstone,Deep
3736.9,120.88,2.6085,0.3444,5.093,81.07,3.505,10.83,1.562,Water-based,63.8,Shale,Deep
2533.9,104.72,2.6605,0.3159,10.18,76.17,3.429,9.64,1.377,Oil-based,51.0,Shale,Deep
3942.0,25.89,2.5345,0.1335,5.897,69.06,2.218,8.68,1.534,Oil-based,79.4,Sandstone,Deep
665.8,508.54988119255245,2.2739,0.2483,0.943,84.06,1.717,8.5,1.175,Oil-based,90.6,Sandstone,Shallow
3640.6,19.96,2.4444,0.1582,4.646,68.98,1.919,8.5,1.526,Oil-based,98.3,Sandstone,Deep
1037.6,24.61,2.3603,0.2112,1.495,82.72,1.937,8.64,1.16,Synthetic,95.2,Sandstone,Shallow
3113.8,116.7,2.5805,0.3714,2.747,80.57,,,1.374,Oil-based,,Shale,Deep
1097.1,86.78,2.4185,0.3761,0.845,89.14,3.376,9.61,1.188,Oil-based,66.4,Shale,Shallow
562.4,35.9,2.4795,0.1591,3.762,72.06,2.007,8.68,1.168,Oil-based,70.2,Sandstone,Shallow
2503.6,11.05,2.7378,0.0778,11.971,56.4,2.864,8.81,1.413,OIL-BASED,84.7,Dolomite,Deep
671.4,15.64,2.4982,0.1374,3.604,67.84,5.08,8.5,1.151,Oil-based,92.5,Limestone,Shallow
3930.7,39.11,2.4685,0.1363,3.43,73.89,1.921,8.6,1.569,Water-based,,Sandstone,Deep
3426.9,92.17,4.441384471435888,0.2959,7.257,79.35,3.473,8.88,1.435,Water-based,68.2,Shale,Deep
2533.5,14.45,2.6041,0.0725,25.802,56.67,4.851,,1.378,Water-based,,Limestone,Deep
2929.9,77.1,2.5974,0.2471,4.382,,3.435,8.92,1.382,Oil-based,,Shale,Deep
2374.0,104.39,2.5347,0.357,1.547,82.23,3.49,10.04,1.269,Synthetic,48.3,Shale,Intermediate
1586.1,34.09,2.4235,0.1665,3.61,71.8,2.163,8.87,1.281,Oil-based,68.2,Sandstone,Intermediate
2815.8,23.6,2.5915,0.1004,9.129,61.31,5.009,8.63,1.381,Synthetic,88.7,Limestone,Deep
1331.8,79.41,2.5232,0.2654,2.781,79.96,3.367,10.29,1.249,Synthetic,,Shale,Shallow
601.5,33.95,2.2319,0.3262,0.848,94.88,1.887,9.07,1.071,Water-based,73.9,Sandstone,Shallow
3234.5,46.15,2.4444,0.1907,3.498,78.07,2.086,8.62,1.459,Oil-based,,Sandstone,Deep
2189.0,89.37,2.5341,0.2951,3.522,82.33,3.472,,1.285,Synthetic,87.4,Shale,Intermediate
3778.8,9.94,2.6406,0.0347,42.257,52.95,5.119,,1.512,Oil-based,69.7,Limestone,Deep
1922.4,85.98,2.4765,0.3411,1.489,88.14,3.465,10.28,1.308,Oil-based,75.5,Shale,Intermediate
1344.8,7.5,2.7834,0.0587,38.377,50.0,3.073,37.77199268790086,1.201,Water-based,87.0,Dolomite,Shallow
643.3,24.92,2.4469,0.1303,3.524,70.29,1.744,8.68,1.142,Oil-based,79.5,Sandstone,Shallow
3857.2,8.67,2.7548,0.0624,19.653,52.66,,8.58,1.468,Water-based,88.4,Dolomite,Deep
1955.3,26.28,2.3933,0.1869,2.197,78.11,2.061,8.5,1.286,Water-based,85.3,Sandstone,Intermediate
2320.8,26.81,2.34,0.2191,1.226,80.17,1.826,8.71,1.297,Water-based,87.1,Sandstone,Intermediate
3865.4,22.33,2.4353,0.1619,2.088,75.44,1.741,8.5,1.468,Oil-based,93.2,Sandstone,Deep
3452.6,5.96,2.7615,,16.833,52.81,,8.5,1.421,Synthetic,86.3,Dolomite,Deep
3068.1,12.2,2.8098,0.0388,,46.4,3.309,8.64,1.449,Water-based,86.8,Dolomite,Deep
1193.7,120.78,2.47,0.4514,0.809,85.77,3.491,,1.155,Water-based,46.6,Shale,Shallow
3470.0,12.51,2.6151,0.0612,33.256,53.8,5.06,8.6,1.472,Synthetic,83.5,Limestone,Deep
3687.2,38.13,2.4423,,2.883,71.08,2.025,8.5,1.506,Water-based,81.7,Sandstone,Deep
2484.3,24.61,2.525,0.0951,8.552,,1.932,8.76,1.342,Oil-based,83.6,Sandstone,Intermediate
3871.2,120.94,2.5521,0.4098,2.285,83.22,,9.86,1.538,Oil-based,56.5,Shale,Deep
3855.0,31.6,2.475,0.1304,4.871,71.91,1.93,8.5,1.482,Oil-based,,Sandstone,Deep
2767.8,91.63,2.5258,0.2993,4.179,81.35,3.43,8.95,1.401,Synthetic,50.1,Shale,Deep
3866.6,20.0,2.5615,0.1048,,59.61,4.961,8.57,1.519,Oil-based,79.7,Limestone,Deep
1064.5,27.7,2.4391,0.1853,2.792,75.3,1.833,8.59,1.18,Water-based,68.0,Sandstone,Shallow
2978.3,87.44,2.6122,0.2936,4.779,76.69,3.417,9.15,1.405,Oil-based,63.6,Shale,Deep
1026.6,22.17,2.47,0.1201,5.155,70.62,1.926,8.71,1.18,Water-based,89.9,Sandstone,Shallow
2896.0,39.92,2.3856,0.2185,2.11,75.48,2.207,8.69,1.411,Synthetic,80.0,Sandstone,Deep
2968.9,18.37,2.3925,0.1589,1.716,75.15,1.979,8.5,1.438,water-based,,Sandstone,Deep
3165.0,11.61,2.6148,0.0651,15.033,57.46,5.076,8.54,1.445,Oil-based,,Limestone,Deep
913.0,80.73,2.5772,0.2616,5.669,79.91,3.425,9.88,1.142,Water-based,75.3,Shale,Shallow
1334.9,114.04,2.5605,0.3543,2.681,82.24,3.609,9.76,1.182,Oil-based,49.6,Shale,Shallow
2931.8,7.1,2.5786,0.1006,11.982,61.17,4.831,8.5,1.419,Oil-based,84.5,Limestone,Deep
887.2,42.39,2.2015,0.3537,0.562,97.64,2.032,8.5,1.196,Oil-based,74.0,Sandstone,Shallow
2136.7,111.78,2.5971,0.3259,3.936,80.12,3.601,10.16,1.276,Water-based,64.6,Shale,Intermediate
2133.5,9.11,2.5804,0.0936,13.567,60.26,,8.51,1.296,Synthetic,,Limestone,Intermediate
2784.1,3.06,2.7907,0.0819,23.443,53.82,3.16,8.5,1.389,Synthetic,81.1,Dolomite,Deep
933.1,118.07,2.5123,0.4107,1.427,84.9,3.468,11.46,1.19,Synthetic,64.3,Shale,Shallow
681.9,27.67,2.1944,0.3157,1.233,94.69,1.926,32.910383134082664,1.116,Synthetic,78.6,Sandstone,Shallow
1022.8,23.84,2.4493,0.1415,3.609,73.69,1.973,,1.175,Water-based,76.8,Sandstone,Shallow
2072.8,11.37,2.3639,,1.864,77.25,2.06,8.59,1.342,OIL-BASED,86.6,Sandstone,Intermediate
3773.8,99.51,2.5699,0.2952,4.078,76.0,3.535,9.64,1.51,Oil-based,56.7,Shale,Deep
1251.0,107.67,2.4801,0.3516,1.498,87.89,,,1.158,Water-based,54.3,Shale,Shallow
3430.8,87.45,2.5731,,,82.59,3.412,9.87,1.422,Water-based,74.5,Shale,Deep
3782.4,18.55,2.611,0.0837,13.006,60.39,5.067,8.77,1.506,Synthetic,100.0,Limestone,Deep
532.4,28.15,2.2817,0.2639,1.228,87.61,,8.69,1.121,Oil-based,89.3,Sandstone,Shallow
3432.9,15.99,2.5006,0.1105,7.321,68.79,1.81,8.6,1.465,Synthetic,,Sandstone,Deep
640.5,16.66,2.699,0.0818,11.467,57.06,3.414,8.65,1.095,Oil-based,73.6,Dolomite,Shallow
2262.7,36.52,2.4739,0.1728,4.26,71.86,1.94,8.59,1.31,Water-based,87.2,Sandstone,Intermediate
1473.4,27.13,2.3041,0.2539,0.991,88.9,1.963,8.69,1.222,Water-based,87.9,Sandstone,Shallow
1640.4,19.56,2.5924,0.0878,14.089,57.97,4.934,8.54,1.238,Oil-based,80.9,Limestone,Intermediate
3124.9,79.0,2.5295,0.263,2.617,81.37,3.335,9.68,1.476,Synthetic,53.4,Shale,Deep
2721.5,38.44,2.5447,0.1318,7.464,66.46,1.962,8.54,1.373,Oil-based,71.9,Sandstone,Deep
2937.1,12.92,2.5747,0.0916,17.296,,4.936,8.64,1.353,Oil-based,77.8,Limestone,Deep
3202.4,21.55,2.4786,0.1037,7.435,70.62,2.063,8.57,1.441,OIL-BASED,74.3,Sandstone,Deep
3040.2,35.68,2.518,0.1509,3.88,72.42,,8.78,1.446,Oil-based,91.4,Sandstone,Deep
1508.5,15.13,2.5952,0.088,16.437,57.27,4.68,8.68,1.181,Water-based,84.9,Limestone,Intermediate
2871.8,27.04,2.4214,0.1824,2.264,75.75,1.847,8.66,1.384,Synthetic,77.4,Sandstone,Deep
1613.0,80.63,2.4856,0.3171,1.704,85.35,,10.17,1.253,Oil-based,,Shale,Intermediate
2112.7,30.52,2.359,0.2243,1.839,,,,1.314,Water-based,87.3,Sandstone,Intermediate
1019.5,110.55,2.5866,0.3132,5.06,79.91,3.43,10.83,1.171,Oil-based,,Shale,Shallow
3243.6,31.4,2.5524,0.1263,7.576,68.32,2.033,8.8,1.416,Oil-based,69.6,Sandstone,Deep
3574.3,25.65,2.4124,0.1909,2.689,71.98,2.03,8.63,1.447,water-based,,Sandstone,Deep
2638.5,17.09,2.5977,0.0789,18.696,56.41,4.987,8.87,1.366,Oil-based,95.3,Limestone,Deep
2437.4,17.79,2.8429,0.0124,,48.59,3.097,8.55,1.314,Water-based,94.6,Dolomite,Intermediate
1008.0,23.65,2.5,0.1497,4.301,67.51,4.914,,1.183,Water-based,80.5,Limestone,Shallow
1005.8,37.49,2.2476,,0.79,89.21,1.948,8.82,1.212,Oil-based,79.6,Sandstone,Shallow
3044.5,118.92,2.5033,0.3852,1.06,84.19,3.334,10.4,1.417,Water-based,54.9,Shale,Deep
3715.9,27.14,2.4215,0.1656,2.443,77.03,1.714,8.5,1.52,Water-based,81.1,Sandstone,Deep
3102.6,26.01,2.4438,0.1028,4.613,,1.606,8.5,1.427,Water-based,74.8,Sandstone,Deep
1847.8,19.51,2.6588,0.0492,62.43,53.71,4.953,8.74,1.255,Water-based,85.0,Limestone,Intermediate
2301.0,33.67,2.4321,0.1985,3.807,72.8,2.074,8.77,1.343,Water-based,63.7,Sandstone,Intermediate
1766.3,16.74,4.914498973288357,0.0566,75.113,,5.015,8.71,1.219,Water-based,,Limestone,Intermediate
1156.6,21.78,2.5724,0.1175,6.951,59.19,4.808,8.73,1.155,Water-based,,Limestone,Shallow
944.2,108.84,2.5508,0.3585,1.94,83.26,3.5,10.54,1.153,Water-based,38.0,Shale,Shallow
3455.7,22.18,2.5354,0.1027,11.17,60.63,4.946,,1.479,Water-based,84.6,Limestone,Deep
2870.5,35.85,2.5055,0.1653,3.845,70.48,2.137,9.11,1.453,Oil-based,85.7,Sandstone,Deep
1003.0,128.57,2.5689,0.3968,1.297,83.79,3.544,10.93,1.147,Water-based,51.0,Shale,Shallow
3835.1,17.35,2.7824,0.0621,28.859,52.95,3.233,8.5,1.509,Oil-based,78.3,Dolomite,Deep
1199.7,14.47,2.6887,0.0205,87.709,49.99,5.076,8.58,1.123,Water-based,87.0,Limestone,Shallow
2871.7,16.61,2.6381,0.0539,58.579,53.96,5.12,8.59,1.431,Oil-based,98.6,Limestone,Deep
1563.8,17.47,2.5264,0.0611,7.737,66.19,1.75,8.79,1.228,synthetic,87.3,Sandstone,Intermediate
1609.6,15.32,2.7172,0.0586,11.561,56.22,3.197,8.5,1.241,Synthetic,97.1,Dolomite,Intermediate
2061.5,28.77,2.3297,0.2413,1.787,80.93,2.038,8.7,1.268,Water-based,69.6,Sandstone,Intermediate
941.1,12.53,2.7407,0.0688,17.085,52.76,3.012,8.5,1.186,Synthetic,98.3,Dolomite,Shallow
1142.4,18.56,2.64,0.0413,50.653,54.96,5.096,8.68,1.178,Synthetic,81.9,Limestone,Shallow
1208.4,23.91,2.5442,0.137,6.327,63.99,4.764,8.5,1.248,Synthetic,89.6,Limestone,Shallow
2203.3,17.45,2.4931,,5.802,65.25,,,1.308,Synthetic,77.0,Limestone,Intermediate
1446.9,20.36,2.5239,0.1407,4.282,66.7,5.124,8.5,1.231,Water-based,71.2,Limestone,Shallow
2116.6,86.64,2.5492,0.3039,2.627,80.27,3.313,9.7,1.322,Water-based,67.3,Shale,Intermediate
3562.5,103.53,2.6107,0.2878,,80.55,3.304,10.15,1.5,Oil-based,68.1,Shale,Deep
962.4,78.38,2.4869,0.3147,3.456,84.33,3.496,9.44,1.189,Synthetic,,Shale,Shallow
2984.7,20.26,2.5632,0.0924,14.928,61.51,5.043,8.8,1.421,Oil-based,69.0,Limestone,Deep
2068.9,20.93,2.641,0.0618,57.377,57.33,5.161,8.82,1.354,Water-based,91.0,Limestone,Intermediate
3239.2,9.33,2.7543,0.0739,20.364,48.85,3.333,8.5,1.425,Oil-based,97.1,Dolomite,Deep
3218.7,24.87,2.5671,0.1003,11.083,62.42,5.011,8.52,1.423,Water-based,84.3,Limestone,Deep
3659.1,105.38,2.5935,0.3433,5.434,,3.351,10.5,1.484,Synthetic,52.1,Shale,Deep
1315.0,20.07,2.5919,0.1034,16.357,58.2,5.173,8.5,1.233,Water-based,95.8,Limestone,Shallow
3009.1,20.04,2.4552,0.1701,2.558,71.36,1.821,8.57,1.449,Water-based,95.6,Sandstone,Deep
3661.6,25.68,2.5888,0.086,19.139,,4.869,8.79,1.447,Oil-based,67.3,Limestone,Deep
3154.5,21.41,2.6685,0.0398,58.771,56.31,4.943,8.54,1.449,Oil-based,88.8,Limestone,Deep
3680.0,21.74,2.5983,0.0862,25.951,58.86,4.961,8.5,1.497,Oil-based,79.1,Limestone,Deep
2940.8,16.66,2.6182,0.0805,21.43,58.26,4.868,8.5,1.378,Oil-based,84.2,Limestone,Deep
3414.4,26.87,2.5181,0.1175,,69.62,2.055,8.82,1.485,Water-based,84.3,Sandstone,Deep
3190.2,12.02,2.8114,0.0319,47.874,50.17,3.25,8.76,1.446,Oil-based,,Dolomite,Deep
2010.0,118.63,2.4978,0.3989,,84.7,3.357,10.66,1.301,Oil-based,56.0,Shale,Intermediate
3886.3,76.99,2.6125,0.2391,9.64,76.02,3.725,9.17,1.487,Water-based,76.8,Shale,Deep
2503.4,16.32,2.535,0.1257,8.088,62.47,5.077,8.99,1.418,Water-based,96.1,Limestone,Deep
1527.6,77.24,2.6303,0.2342,8.808,74.71,3.422,9.8,1.221,Oil-based,55.9,Shale,Intermediate
3417.1,10.31,2.762,0.0671,24.584,53.07,3.15,8.5,1.435,Water-based,87.9,Dolomite,Deep
2213.9,15.59,2.5744,0.1271,5.602,62.01,5.056,,1.326,Oil-based,94.6,Limestone,Intermediate
2449.6,101.36,2.5879,0.3027,5.683,74.74,3.381,9.67,1.365,Water-based,78.9,Shale,Intermediate
914.7,79.72,2.5458,0.285,4.281,82.54,3.455,9.84,1.129,Water-based,,Shale,Shallow
1352.6,22.49,2.3129,0.1851,1.565,83.69,,8.5,1.217,Water-based,91.1,Sandstone,Shallow
3498.1,14.79,2.6817,0.01,84.9,52.7,5.008,8.61,1.429,Oil-based,81.6,Limestone,Deep
2863.6,75.22,2.6256,0.2169,12.352,79.4,,9.41,1.419,Oil-based,69.3,Shale,Deep
3120.1,102.4,2.6159,0.3084,6.89,,3.328,9.54,1.443,Oil-based,69.6,Shale,Deep
1949.1,129.84,2.6112,0.3431,6.346,75.86,3.312,9.13,1.301,Oil-based,41.2,Shale,Intermediate
3930.1,6.79,2.5914,,12.525,60.67,5.129,8.58,1.484,Water-based,99.2,Limestone,Deep
3429.1,14.77,2.5714,0.1136,11.052,59.4,5.171,8.74,1.501,Oil-based,93.1,Limestone,Deep
1352.8,16.98,2.5726,0.1204,8.628,66.54,4.911,8.5,1.26,Synthetic,,Limestone,Shallow
3239.6,24.11,2.4108,0.1408,2.459,71.17,1.773,8.53,1.505,Water-based,84.9,Sandstone,Deep
3153.3,21.2,2.5446,0.0925,,64.78,5.178,8.62,1.43,Oil-based,74.5,Limestone,Deep
1701.5,113.26,2.5878,0.3529,3.587,80.76,,10.26,1.246,Water-based,65.7,Shale,Intermediate
3038.1,30.25,2.4105,0.1903,1.688,78.87,2.009,8.95,1.456,Water-based,,Sandstone,Deep
2095.2,115.64,2.6217,,6.496,79.68,3.513,9.53,1.247,Oil-based,,Shale,Intermediate
3892.1,22.12,2.6635,0.0333,93.594,52.87,4.865,8.5,1.585,Synthetic,99.2,Limestone,Deep
1886.6,102.49,2.5114,,2.269,80.44,,,1.298,Water-based,52.3,Shale,Intermediate
1493.7,73.61,2.6418,0.2403,,74.3,3.694,10.16,1.189,Water-based,67.8,Shale,Shallow
2949.0,117.64,2.5545,0.3831,1.466,81.55,3.358,9.32,1.347,Water-based,58.2,Shale,Deep
2960.6,107.74,2.5477,0.3275,3.739,86.09,3.337,10.52,1.428,Oil-based,59.2,Shale,Deep
1576.4,31.89,2.4456,0.151,4.15,73.69,1.739,8.68,1.261,Oil-based,71.8,Sandstone,Intermediate
1958.1,24.72,2.2917,0.2626,0.672,84.98,1.972,8.9,1.302,Water-based,82.6,Sandstone,Intermediate
1997.7,5.78,2.8277,0.0226,72.739,44.84,3.088,8.5,1.288,Water-based,97.0,Dolomite,Intermediate
1328.6,100.16,2.5071,0.3508,2.016,82.58,3.337,9.37,1.196,Water-based,62.9,Shale,Shallow
3792.1,30.96,2.5102,0.1458,4.389,,,8.82,1.518,Oil-based,83.6,Sandstone,Deep
3326.0,104.87,2.6299,0.3319,,76.32,3.256,9.59,1.469,Synthetic,65.9,Shale,Deep
2327.0,105.09,2.5843,0.2945,8.326,79.23,3.247,9.77,1.334,Synthetic,63.1,Shale,Intermediate
1845.8,24.14,2.3672,0.2167,1.767,,1.757,8.58,1.306,Water-based,82.8,Sandstone,Intermediate
2492.2,20.08,2.5603,0.1075,7.842,69.18,1.865,8.61,1.361,Oil-based,81.6,Sandstone,Intermediate
2996.4,80.47,2.6174,0.2203,7.898,75.4,3.427,8.94,1.385,Synthetic,,Shale,Deep
3949.4,85.39,2.5429,0.2594,3.902,82.15,3.475,9.81,1.556,Oil-based,63.8,Shale,Deep
3776.2,102.01,2.6119,0.2892,10.421,77.8,3.685,9.08,1.486,Oil-based,61.3,Shale,Deep
3634.7,17.09,2.5861,0.0686,20.08,58.32,4.941,8.5,1.482,Water-based,80.6,Limestone,Deep
2906.8,23.27,2.5108,0.0954,8.222,70.58,1.704,8.5,1.451,Oil-based,100.0,Sandstone,Deep
3472.9,31.8,2.4701,0.1485,3.414,75.78,2.059,8.78,1.457,Synthetic,78.8,Sandstone,Deep
3018.1,95.15,2.5197,0.3284,2.062,,3.339,9.6,1.418,Oil-based,,Shale,Deep
3436.7,31.71,2.4253,,3.241,73.72,1.936,8.59,1.435,Water-based,85.3,Sandstone,Deep
2670.5,24.46,2.4198,0.173,3.152,72.93,1.685,8.5,1.404,Synthetic,97.4,Sandstone,Deep
3829.2,15.01,2.8191,0.0286,95.48,45.04,2.958,,1.514,Synthetic,90.0,Dolomite,Deep
2748.7,10.63,2.86,0.01,6681.3179860397395,,3.252,8.5,1.443,Oil-based,72.8,Dolomite,Deep
837.4,8.84,2.6586,0.1275,7.019,59.14,3.034,8.6,1.127,Oil-based,100.0,Dolomite,Shallow
1418.6,11.36,2.6431,0.0592,27.321,55.66,5.091,29.81459999841107,1.233,Oil-based,81.8,Limestone,Shallow
3225.6,18.34,2.6503,,68.08,55.63,5.006,8.6,1.397,Oil-based,,Limestone,Deep
1043.2,13.51,2.6026,0.0777,18.403,57.66,4.998,8.5,1.153,Water-based,83.5,Limestone,Shallow
2559.1,99.48,2.5244,0.3463,8463.159385290473,82.37,3.636,9.91,1.431,Oil-based,60.1,Shale,Deep
630.9,23.72,2.5163,0.1307,9.268,71.24,1.952,8.69,1.106,Oil-based,70.5,Sandstone,Shallow
2598.6,38.42,2.3673,0.2365,1.934,78.48,2.158,8.92,1.336,Oil-based,85.6,Sandstone,Deep
1084.4,13.33,2.4915,0.1555,4.787,65.08,4.822,8.68,1.161,Oil-based,,Limestone,Shallow
3063.4,16.5,2.4633,0.119,4.209,72.82,2.147,8.51,1.467,Oil-based,81.6,Sandstone,Deep
3914.7,114.36,2.6253,0.3452,5.038,80.19,,8.92,1.538,Water-based,60.4,Shale,Deep
3444.2,104.19,2.6088,,8.448,76.92,,9.85,1.438,Water-based,73.5,Shale,Deep
3765.6,11.51,2.5737,0.0978,13.969,55.9,5.187,8.51,1.499,Synthetic,76.9,Limestone,Deep
3315.3,117.95,2.4922,0.4259,1.626,84.59,,10.48,1.451,Oil-based,,Shale,Deep
868.5,115.43,2.4442,0.4168,1.323,88.45,3.616,10.19,1.152,Water-based,77.1,Shale,Shallow
2706.0,28.47,2.453,0.1424,4.705,69.85,1.934,8.82,1.41,OIL-BASED,89.0,Sandstone,Deep
1395.9,106.08,2.4901,0.3804,0.993,89.92,3.595,9.25,1.202,Water-based,58.3,Shale,Shallow
2731.6,97.83,2.5841,0.3231,3.446,78.65,3.389,9.35,1.376,Oil-based,72.4,Shale,Deep
3205.3,39.6,2.4376,0.176,4.079,74.58,1.991,8.5,1.456,Oil-based,78.2,Sandstone,Deep
2294.6,108.99,2.5916,0.3553,4.296,78.69,3.528,10.06,1.253,Water-based,56.5,Shale,Intermediate
2656.6,10.74,2.7666,0.0854,18.759,56.28,3.404,8.5,1.386,Water-based,96.9,Dolomite,Deep
3519.7,83.66,2.5894,0.2434,6.592,76.79,3.202,9.07,1.475,Oil-based,63.2,Shale,Deep
1242.5,22.88,2.4521,0.1352,4.729,74.78,,8.5,1.221,Water-based,85.9,Sandstone,Shallow
2030.0,77.01,2.5251,0.2816,2.751,83.66,3.435,10.28,1.325,Synthetic,69.9,Shale,Intermediate
2040.3,30.37,2.4399,,3.047,70.52,1.905,8.6,1.291,Water-based,74.2,Sandstone,Intermediate
3447.0,13.0,2.6867,0.0368,85.594,52.01,4.92,8.5,1.449,Oil-based,74.9,Limestone,Deep
1314.0,16.97,2.5623,0.0899,7.45,62.92,4.999,8.59,1.115,Water-based,85.5,Limestone,Shallow
516.6,14.32,2.7467,0.0599,15.883,50.95,3.172,8.67,1.14,Oil-based,87.7,Dolomite,Shallow
3011.7,111.25,2.4799,0.3959,1.279,81.51,3.438,10.65,1.411,Oil-based,67.5,Shale,Deep
3613.8,119.3,2.5498,0.4071,1.877,80.62,3.575,9.92,1.489,Oil-based,,Shale,Deep
2888.7,77.64,2.5227,0.2989,2.868,83.46,3.387,,1.373,Synthetic,75.6,Shale,Deep
3346.1,22.43,2.4471,0.148,2.051,78.9,1.877,8.67,1.444,Oil-based,,Sandstone,Deep
2620.7,17.55,2.8286,0.0378,79.821,48.91,3.092,8.71,1.38,Oil-based,97.6,Dolomite,Deep
3299.5,11.71,2.6033,0.0619,17.076,58.17,5.049,8.5,1.439,Oil-based,88.1,Limestone,Deep
3173.7,31.26,2.4633,0.14,5.334,73.57,2.036,8.78,1.414,Oil-based,93.4,Sandstone,Deep
877.1,4.84,2.7425,0.0616,23.374,52.74,3.04,8.5,1.172,Oil-based,75.1,Dolomite,Shallow
3303.1,25.05,2.4253,0.1432,2.347,74.35,1.837,8.64,1.458,Oil-based,69.7,Sandstone,Deep
2729.8,118.81,2.5183,0.3908,1.349,87.78,3.362,9.62,1.369,Water-based,71.5,Shale,Deep
2088.6,104.99,2.5599,0.3393,2.479,80.33,3.275,10.62,1.294,Oil-based,55.0,Shale,Intermediate
2480.2,14.64,2.7234,0.0856,11.844,55.02,3.199,8.5,1.318,Synthetic,,Dolomite,Intermediate
670.4,8.57,2.5684,,10.466,59.25,5.037,8.76,1.12,Water-based,65.2,Limestone,Shallow
626.2,94.16,2.5301,0.3122,3.053,79.8,3.508,9.06,1.114,Oil-based,80.7,Shale,Shallow
1207.3,34.85,2.4312,0.1675,2.669,78.17,2.031,8.5,1.127,Oil-based,83.0,Sandstone,Shallow
980.9,95.25,2.4262,0.4138,0.814,,3.335,,1.211,Oil-based,,Shale,Shallow
603.6,20.79,2.4972,0.1461,4.098,66.88,5.035,8.63,1.137,Synthetic,81.0,Limestone,Shallow
3529.5,98.95,2.532,0.3319,1.718,80.67,3.555,10.12,1.496,Water-based,,Shale,Deep
1345.7,9.61,2.8267,0.0205,110.809,47.47,,8.5,1.207,Water-based,82.4,Dolomite,Shallow
2437.5,44.63,2.3703,,2.045,83.12,2.203,8.85,1.407,Water-based,72.4,Sandstone,Intermediate
1964.4,18.8,2.5817,0.0816,17.241,57.41,5.083,8.67,1.279,Water-based,78.9,Limestone,Intermediate
1598.6,32.96,2.5065,0.1507,6.658,68.89,1.999,9.04,1.212,Oil-based,85.0,Sandstone,Intermediate
2130.9,17.9,2.61,0.0862,26.659,57.44,5.069,8.58,1.268,Synthetic,83.6,Limestone,Intermediate
3137.3,19.85,2.4227,,3.093,,1.994,8.95,1.436,Oil-based,89.5,Sandstone,Deep
2028.5,108.24,2.4568,0.4027,1.004,89.74,3.359,10.78,1.304,Oil-based,57.2,Shale,Intermediate
2808.0,98.29,2.6386,0.295,6.265,77.97,3.423,10.57,1.341,Oil-based,52.2,Shale,Deep
2465.2,99.27,2.5313,0.3438,2.695,,3.661,9.87,1.352,Water-based,,Shale,Intermediate
989.3,89.6,2.4897,0.3367,1.639,87.49,3.499,9.82,1.217,OIL-BASED,73.1,Shale,Shallow
723.4,43.15,2.4834,0.1791,4.538,73.86,2.228,8.86,1.15,Water-based,65.4,Sandstone,Shallow
2322.4,14.63,2.7197,0.067,17.477,,,8.6,1.306,Oil-based,90.9,Dolomite,Intermediate
3028.3,13.62,2.6357,0.0657,15.834,57.36,4.921,8.5,1.481,Oil-based,87.0,Limestone,Deep
961.4,19.26,2.5231,0.1334,3.804,60.71,,8.65,1.169,Water-based,90.8,Limestone,Shallow
3901.4,11.64,2.6204,0.0579,42.163,53.63,5.219,8.51,1.56,Water-based,85.8,Limestone,Deep
2552.6,18.86,2.6044,0.0767,29.307,57.79,4.987,8.71,1.307,Synthetic,84.3,Limestone,Deep
733.0,17.46,2.7361,0.0916,13.692,58.67,3.053,8.7,1.159,Water-based,70.8,Dolomite,Shallow
558.0,485.9133522485529,2.6457,0.1028,4.735,60.63,3.098,8.5,1.09,Water-based,77.7,Dolomite,Shallow
1037.6,14.7,2.698,0.0993,8.926,55.59,3.278,8.5,1.188,Oil-based,83.8,Dolomite,Shallow
648.2,15.69,2.4487,0.0984,5.401,,,8.74,1.136,Oil-based,87.1,Sandstone,Shallow
2442.0,26.79,2.4638,0.1415,4.033,69.4,1.591,8.61,1.365,Water-based,79.6,Sandstone,Intermediate
1965.1,104.29,2.6036,0.2958,5.136,75.43,3.393,10.54,1.299,Oil-based,72.7,Shale,Intermediate
1159.1,17.33,2.5902,0.0975,10.371,58.27,5.023,8.5,1.166,Water-based,92.7,Limestone,Shallow
3452.5,25.15,2.3908,0.2007,2.455,75.21,2.044,8.5,1.466,Oil-based,,Sandstone,Deep
1309.5,31.9,2.2798,0.2498,0.999,90.69,,8.54,1.218,Water-based,94.4,Sandstone,Shallow
3537.1,6.87,2.7741,0.0602,26.947,53.69,,,1.421,Oil-based,92.3,Dolomite,Deep
680.8,29.22,2.2143,0.301,0.545,,1.947,8.61,1.14,Synthetic,89.9,Sandstone,Shallow
1807.6,107.31,2.6208,0.3008,4.968,,3.607,9.29,1.26,Oil-based,63.9,Shale,Intermediate
3396.7,11.46,2.7383,0.0756,22.907,56.66,3.337,8.58,1.472,Oil-based,76.7,Dolomite,Deep
3282.9,38.54,2.4643,0.1958,2.969,,2.133,8.77,1.452,Oil-based,67.9,Sandstone,Deep
3297.4,88.64,2.534,0.3023,3.242,85.33,3.446,10.19,1.425,Oil-based,68.2,Shale,Deep
1610.0,26.27,2.3599,,1.183,80.4,2.066,8.52,1.249,Synthetic,,Sandstone,Intermediate
3231.1,22.17,2.47,0.121,4.644,70.26,2.142,8.5,1.41,Oil-based,75.2,Sandstone,Deep
1473.1,23.58,2.5092,0.1415,5.456,67.26,,8.62,1.218,Oil-based,,Limestone,Shallow
3303.1,105.16,2.5748,0.3262,4.877,79.09,3.416,11.11,1.435,Water-based,57.8,Shale,Deep
2294.6,109.1,2.5062,0.3533,1.712,82.02,3.627,10.14,1.291,Oil-based,71.1,Shale,Intermediate
2266.8,27.93,2.4543,0.1678,6149.674019340802,69.15,2.107,8.89,1.342,Water-based,78.4,Sandstone,Intermediate
3989.6,105.52,2.5613,0.3195,2.554,,3.324,9.87,1.557,Oil-based,,Shale,Deep
1533.8,41.01,2.4764,0.1661,3.744,73.52,,9.09,1.215,Water-based,,Sandstone,Intermediate
1208.3,28.53,2.3645,0.1819,1.529,77.81,1.876,8.88,1.206,Water-based,,Sandstone,Shallow
1051.6,120.74,2.5371,0.4081,2.127,82.62,3.412,10.06,1.174,Water-based,58.4,Shale,Shallow
2666.9,36.47,2.5215,0.1455,5.176,69.79,2.051,8.65,1.349,Water-based,87.7,Sandstone,Deep
3305.2,108.58,2.6228,0.3187,6.28,77.89,3.456,11.01,1.44,Water-based,56.2,Shale,Deep
2068.7,113.5,2.6063,0.3162,8.551,76.76,3.397,,1.292,Oil-based,59.1,Shale,Intermediate
3232.0,99.54,2.6553,0.2911,9.568,78.08,3.577,9.7,1.42,Synthetic,57.7,Shale,Deep
2353.4,586.3848403538839,2.5834,,,81.23,3.539,9.28,1.299,Oil-based,34.8,Shale,Intermediate
3479.0,101.94,2.5406,0.3267,2.312,81.63,3.22,9.6,1.455,Water-based,,Shale,Deep
892.2,115.16,2.4488,0.4536,0.751,88.06,3.3,10.52,1.178,Water-based,61.2,Shale,Shallow
2710.8,115.93,2.526,0.3804,1.822,84.25,3.688,9.1,1.394,Oil-based,64.2,Shale,Deep
2018.2,115.86,2.489,0.3901,,82.98,3.446,10.73,1.281,Water-based,50.0,Shale,Intermediate
505.8,40.23,2.4341,0.1859,4.077,,2.118,8.82,1.077,Water-based,91.7,Sandstone,Shallow
3737.9,15.38,2.5963,0.0784,7.821,59.33,4.923,31.41117736899769,1.55,Oil-based,72.4,Limestone,Deep
2695.6,117.79,2.526,0.4096,1.451,81.53,3.592,11.48,1.354,Oil-based,35.5,Shale,Deep
829.3,19.09,2.7768,0.0705,19.736,51.62,3.234,8.52,1.167,Water-based,78.6,Dolomite,Shallow
1231.7,13.48,2.5837,0.0943,14.956,57.3,,8.5,1.22,Oil-based,78.5,Limestone,Shallow
629.4,13.66,2.6258,0.0541,27.903,53.45,5.057,8.7,1.117,Oil-based,80.7,Limestone,Shallow
3486.7,13.67,2.8121,0.0261,74.106,48.19,3.124,8.5,1.451,Oil-based,77.2,Dolomite,Deep
2501.0,22.5,2.5987,0.1019,14.61,57.08,,8.96,1.366,Water-based,88.3,Limestone,Deep
2159.5,96.9,2.512,0.34,2.372,87.74,3.531,10.64,1.279,Water-based,58.8,Shale,Intermediate
2265.9,19.36,4.266400236311017,0.0775,,55.73,4.985,8.58,1.297,Oil-based,83.9,Limestone,Intermediate
1927.9,28.8,2.4146,0.1617,3.077,73.63,1.975,8.97,1.265,Water-based,80.7,Sandstone,Intermediate
860.5,13.78,2.6435,,,54.82,5.123,8.58,1.203,Oil-based,92.8,Limestone,Shallow
1809.6,37.62,2.3703,,1.681,80.92,1.88,8.78,1.235,Synthetic,63.8,Sandstone,Intermediate
2707.9,83.87,2.4977,0.3136,2.746,85.73,3.388,10.28,1.401,Water-based,92.7,Shale,Deep
1833.6,34.1,2.5204,0.1427,4.668,72.78,2.241,8.92,1.293,Synthetic,77.5,Sandstone,Intermediate
3486.8,18.1,2.5663,0.1108,7.574,63.0,5.056,8.6,1.417,Oil-based,95.8,Limestone,Deep
1411.2,12.12,2.618,0.0528,18.804,56.34,5.317,8.5,1.225,Oil-based,73.8,Limestone,Shallow
551.4,4.92,2.7254,0.0651,17.361,56.19,3.096,8.74,1.076,Water-based,97.4,Dolomite,Shallow
1692.1,528.268221026726,2.6,0.3161,,76.64,3.566,9.38,1.237,Oil-based,50.6,Shale,Intermediate
2839.4,114.88,2.577,0.3743,2.016,83.86,3.446,11.27,1.359,Water-based,70.6,Shale,Deep
2012.3,34.67,2.3636,0.2345,1.688,,2.128,,1.344,Oil-based,92.6,Sandstone,Intermediate
1547.8,9.35,2.591,0.0942,19.093,54.17,5.17,8.57,1.207,Oil-based,,Limestone,Intermediate
1076.1,118.73,2.3794,0.4992,0.538,94.6,3.422,9.6,1.131,Oil-based,46.7,Shale,Shallow
3743.7,21.85,2.4111,0.1624,2.118,72.81,1.87,8.5,1.497,Oil-based,91.2,Sandstone,Deep
3973.3,20.31,2.496,0.1761,3.229,72.65,2.149,8.5,1.484,Oil-based,,Sandstone,Deep
3022.4,17.93,2.5162,0.1286,7.476,65.21,1.847,8.66,1.356,Synthetic,85.2,Sandstone,Deep
3659.3,87.73,2.5643,0.2914,3.31,82.09,3.681,9.39,1.51,Oil-based,68.3,Shale,Deep
2393.0,9.4,2.8108,0.0358,89.247,44.24,3.125,8.59,1.286,Synthetic,85.5,Dolomite,Intermediate
3928.5,28.28,2.4779,0.1384,4.172,65.71,,8.73,1.51,Water-based,74.5,Sandstone,Deep
2490.6,32.55,2.3497,0.2132,7482.958088524729,82.88,,8.94,1.313,Water-based,78.3,Sandstone,Intermediate
3714.5,26.44,2.488,0.1458,3.847,73.88,1.995,8.66,1.446,Water-based,81.8,Sandstone,Deep
1430.5,12.31,2.5458,0.1248,5.335,60.56,,8.65,1.259,Synthetic,86.5,Limestone,Shallow
2715.2,111.39,2.6189,,9.638,78.23,3.341,8.98,1.391,Oil-based,65.4,Shale,Deep
2705.0,31.09,2.4622,,,75.56,2.044,8.51,1.387,Water-based,82.4,Sandstone,Deep
3190.3,25.99,2.4909,0.1383,4.368,71.16,2.175,8.51,1.429,Oil-based,90.4,Sandstone,Deep
1170.6,88.3,2.4149,0.3609,0.904,90.39,3.515,10.9,1.183,Oil-based,63.1,Shale,Shallow
3503.4,17.16,2.6136,,23.959,56.71,4.814,8.56,1.497,Oil-based,88.7,Limestone,Deep
3226.5,28.23,2.4807,0.1356,2.24,74.85,2.212,8.79,1.46,Oil-based,68.0,Sandstone,Deep
2337.8,20.59,2.2948,0.2039,1.347,84.6,1.833,8.79,1.308,Water-based,73.2,Sandstone,Intermediate
3168.9,25.66,2.4807,0.1001,6.768,66.96,2.005,8.5,1.458,Oil-based,78.7,Sandstone,Deep
2503.5,13.53,2.6339,0.0302,50.116,57.12,4.909,8.5,1.379,Oil-based,71.7,Limestone,Deep
700.3,119.63,2.4525,0.4381,0.775,88.6,3.476,11.17,1.116,Oil-based,58.5,Shale,Shallow
2333.1,9.12,2.8297,0.0349,97.175,46.15,,8.69,1.332,Synthetic,96.5,Dolomite,Intermediate
2691.0,17.16,2.5807,0.0502,12.481,56.0,4.722,8.73,1.373,Water-based,91.6,Limestone,Deep
3811.1,39.29,2.4607,0.1766,3.988,74.23,2.042,8.87,1.46,Oil-based,78.4,Sandstone,Deep
3395.1,20.52,2.6035,0.0782,13.738,54.56,5.028,8.61,1.441,Synthetic,76.9,Limestone,Deep
1473.3,30.53,2.4895,0.1187,7.858,66.26,1.802,8.9,1.237,Water-based,79.0,Sandstone,Shallow
579.5,17.25,2.5942,0.0877,10.97,61.14,5.099,8.74,1.09,Water-based,86.1,Limestone,Shallow
1686.0,90.42,2.4359,0.3973,0.937,90.83,,10.32,1.286,Oil-based,62.7,Shale,Intermediate
2279.2,12.64,2.3803,0.1722,7093.518295814941,74.35,1.85,8.55,1.3,Water-based,86.8,Sandstone,Intermediate
1044.0,11.62,2.6978,0.122,7.602,58.47,3.117,8.58,1.182,Synthetic,75.2,Dolomite,Shallow
1555.3,110.16,2.4804,0.4059,1.044,88.78,3.371,9.99,1.285,Water-based,73.6,Shale,Intermediate
1181.2,114.43,2.4847,0.3689,1.649,86.15,3.37,10.99,1.213,Water-based,,Shale,Shallow
2009.6,18.53,2.8468,0.01,84.546,48.25,2.936,8.5,1.281,Water-based,73.7,Dolomite,Intermediate
3615.1,10.77,2.7503,0.046,21.661,55.38,3.015,8.5,1.488,Oil-based,79.4,Dolomite,Deep
2106.2,14.29,2.3861,0.1504,2.417,77.72,1.615,8.5,1.313,Oil-based,94.8,Sandstone,Intermediate
2441.0,9.07,2.6352,0.068,27.748,56.93,,8.5,1.342,Oil-based,98.6,Limestone,Intermediate
1826.7,38.01,2.4125,0.2073,2.144,,1.881,8.92,1.321,Oil-based,78.7,Sandstone,Intermediate
3476.0,17.26,2.5924,0.1023,19.903,59.42,5.176,8.5,1.443,Oil-based,89.6,Limestone,Deep
1660.5,34.34,2.4104,0.1841,2.976,,1.858,8.75,1.196,Water-based,89.1,Sandstone,Intermediate
3086.4,112.08,2.5992,0.3481,3.79,81.09,3.52,10.78,1.396,Water-based,56.9,Shale,Deep
969.3,112.08,2.3803,,0.642,91.27,3.681,9.2,1.168,Water-based,55.3,Shale,Shallow
3096.0,568.8388386143697,2.7669,0.0766,21.176,55.06,3.111,8.71,1.454,Oil-based,74.3,Dolomite,Deep
3881.8,564.928553568429,2.6727,0.0466,92.021,52.73,5.065,8.5,1.53,water-based,74.3,Limestone,Deep
880.0,43.11,2.471,0.174,3.634,71.74,2.103,,1.162,Water-based,76.4,Sandstone,Shallow
1944.0,96.33,2.5641,0.3219,3.073,80.57,3.449,10.01,1.27,Oil-based,72.9,Shale,Intermediate
846.9,24.06,2.471,0.1432,5.426,72.73,1.939,8.66,1.14,Water-based,80.6,Sandstone,Shallow
2278.6,119.13,2.6046,0.3741,4.796,79.52,3.377,9.05,1.317,Oil-based,52.8,Shale,Intermediate
1783.1,22.34,2.4965,0.0752,5.89,68.69,1.791,8.5,1.26,Synthetic,89.9,Sandstone,Intermediate
1303.8,13.88,2.8382,0.0179,84.586,48.03,3.274,8.51,1.212,Water-based,78.4,Dolomite,Shallow
2306.3,43.4,2.3787,0.2257,1.492,79.41,1.913,8.85,1.335,Oil-based,79.2,Sandstone,Intermediate
937.2,16.32,2.4301,0.1503,4.013,69.5,,8.53,1.142,Water-based,82.7,Limestone,Shallow
2890.7,13.75,2.6289,0.0291,30.007,54.61,5.18,8.7,1.415,Synthetic,,Limestone,Deep
575.6,25.63,2.4182,0.1779,2.825,76.11,1.991,,1.075,Synthetic,,Sandstone,Shallow
3228.2,16.61,2.8147,0.0194,71.354,44.81,3.149,8.5,1.42,Water-based,80.7,Dolomite,Deep
795.6,20.75,2.4281,0.1702,3.256,77.83,,8.55,1.175,Water-based,76.7,Sandstone,Shallow
899.4,11.7,2.6589,0.1181,6703.700298810274,61.92,,8.5,1.124,Oil-based,94.0,Dolomite,Shallow
1537.3,123.48,2.6019,0.3649,5.0,76.72,3.577,9.81,1.266,Oil-based,,Shale,Intermediate
3842.1,22.68,2.4998,0.1186,4.946,74.53,1.705,8.86,1.558,Oil-based,85.8,Sandstone,Deep
2183.2,17.36,2.6487,0.0666,35.023,51.99,4.904,8.5,1.272,Synthetic,81.3,Limestone,Intermediate
887.1,40.56,2.2771,0.2794,0.789,84.09,2.036,8.76,1.141,Water-based,76.1,Sandstone,Shallow
